interval_start_utc,interval_end_utc,publish_time_utc,region,planned_outages_mw,maintenance_outages_mw,forced_outages_mw,total_outages_mw
2025-10-01 04:00:00+00:00,2025-10-02 04:00:00+00:00,2025-09-25 04:00:00+00:00,Mid Atlantic - Dominion,17816,3727,1647,23190
2025-10-01 04:00:00+00:00,2025-10-02 04:00:00+00:00,2025-09-25 04:00:00+00:00,PJM RTO,33430,7849,2991,44270
2025-10-01 04:00:00+00:00,2025-10-02 04:00:00+00:00,2025-09-25 04:00:00+00:00,Western,15614,4122,1344,21080
2025-10-01 04:00:00+00:00,2025-10-02 04:00:00+00:00,2025-09-26 04:00:00+00:00,Mid Atlantic - Dominion,17815,5379,2963,26157
2025-10-01 04:00:00+00:00,2025-10-02 04:00:00+00:00,2025-09-26 04:00:00+00:00,PJM RTO,33429,9529,4366,47324
2025-10-01 04:00:00+00:00,2025-10-02 04:00:00+00:00,2025-09-26 04:00:00+00:00,Western,15614,4150,1403,21167
2025-10-01 04:00:00+00:00,2025-10-02 04:00:00+00:00,2025-09-27 04:00:00+00:00,Mid Atlantic - Dominion,17815,6066,2907,26788
2025-10-01 04:00:00+00:00,2025-10-02 04:00:00+00:00,2025-09-27 04:00:00+00:00,PJM RTO,33429,10094,4243,47766
2025-10-01 04:00:00+00:00,2025-10-02 04:00:00+00:00,2025-09-27 04:00:00+00:00,Western,15614,4028,1336,20978
2025-10-01 04:00:00+00:00,2025-10-02 04:00:00+00:00,2025-09-28 04:00:00+00:00,Mid Atlantic - Dominion,18356,6070,3006,27432
2025-10-01 04:00:00+00:00,2025-10-02 04:00:00+00:00,2025-09-28 04:00:00+00:00,PJM RTO,33970,10098,4377,48445
2025-10-01 04:00:00+00:00,2025-10-02 04:00:00+00:00,2025-09-28 04:00:00+00:00,Western,15614,4028,1371,21013
2025-10-01 04:00:00+00:00,2025-10-02 04:00:00+00:00,2025-09-29 04:00:00+00:00,Mid Atlantic - Dominion,18356,6022,3012,27390
2025-10-01 04:00:00+00:00,2025-10-02 04:00:00+00:00,2025-09-29 04:00:00+00:00,PJM RTO,33970,10050,4416,48436
2025-10-01 04:00:00+00:00,2025-10-02 04:00:00+00:00,2025-09-29 04:00:00+00:00,Western,15614,4028,1404,21046
2025-10-01 04:00:00+00:00,2025-10-02 04:00:00+00:00,2025-09-30 04:00:00+00:00,Mid Atlantic - Dominion,18510,6013,3307,27830
2025-10-01 04:00:00+00:00,2025-10-02 04:00:00+00:00,2025-09-30 04:00:00+00:00,PJM RTO,34124,11557,6385,52066
2025-10-01 04:00:00+00:00,2025-10-02 04:00:00+00:00,2025-09-30 04:00:00+00:00,Western,15614,5544,3078,24236
2025-10-01 04:00:00+00:00,2025-10-02 04:00:00+00:00,2025-10-01 04:00:00+00:00,Mid Atlantic - Dominion,18510,6200,3740,28450
2025-10-01 04:00:00+00:00,2025-10-02 04:00:00+00:00,2025-10-01 04:00:00+00:00,PJM RTO,34121,11063,8537,53721
2025-10-01 04:00:00+00:00,2025-10-02 04:00:00+00:00,2025-10-01 04:00:00+00:00,Western,15611,4863,4797,25271
2025-10-02 04:00:00+00:00,2025-10-03 04:00:00+00:00,2025-09-26 04:00:00+00:00,Mid Atlantic - Dominion,17768,4019,2963,24750
2025-10-02 04:00:00+00:00,2025-10-03 04:00:00+00:00,2025-09-26 04:00:00+00:00,PJM RTO,33532,7598,4356,45486
2025-10-02 04:00:00+00:00,2025-10-03 04:00:00+00:00,2025-09-26 04:00:00+00:00,Western,15764,3579,1393,20736
2025-10-02 04:00:00+00:00,2025-10-03 04:00:00+00:00,2025-09-27 04:00:00+00:00,Mid Atlantic - Dominion,17768,4495,2907,25170
2025-10-02 04:00:00+00:00,2025-10-03 04:00:00+00:00,2025-09-27 04:00:00+00:00,PJM RTO,33532,8078,4233,45843
2025-10-02 04:00:00+00:00,2025-10-03 04:00:00+00:00,2025-09-27 04:00:00+00:00,Western,15764,3583,1326,20673
2025-10-02 04:00:00+00:00,2025-10-03 04:00:00+00:00,2025-09-28 04:00:00+00:00,Mid Atlantic - Dominion,18309,4499,3006,25814
2025-10-02 04:00:00+00:00,2025-10-03 04:00:00+00:00,2025-09-28 04:00:00+00:00,PJM RTO,34073,8082,4367,46522
2025-10-02 04:00:00+00:00,2025-10-03 04:00:00+00:00,2025-09-28 04:00:00+00:00,Western,15764,3583,1361,20708
2025-10-02 04:00:00+00:00,2025-10-03 04:00:00+00:00,2025-09-29 04:00:00+00:00,Mid Atlantic - Dominion,18309,4471,3012,25792
2025-10-02 04:00:00+00:00,2025-10-03 04:00:00+00:00,2025-09-29 04:00:00+00:00,PJM RTO,34073,8054,4411,46538
2025-10-02 04:00:00+00:00,2025-10-03 04:00:00+00:00,2025-09-29 04:00:00+00:00,Western,15764,3583,1399,20746
2025-10-02 04:00:00+00:00,2025-10-03 04:00:00+00:00,2025-09-30 04:00:00+00:00,Mid Atlantic - Dominion,18463,4570,3303,26336
2025-10-02 04:00:00+00:00,2025-10-03 04:00:00+00:00,2025-09-30 04:00:00+00:00,PJM RTO,34227,10463,6381,51071
2025-10-02 04:00:00+00:00,2025-10-03 04:00:00+00:00,2025-09-30 04:00:00+00:00,Western,15764,5893,3078,24735
2025-10-02 04:00:00+00:00,2025-10-03 04:00:00+00:00,2025-10-01 04:00:00+00:00,Mid Atlantic - Dominion,18463,5091,3495,27049
2025-10-02 04:00:00+00:00,2025-10-03 04:00:00+00:00,2025-10-01 04:00:00+00:00,PJM RTO,34224,10406,6889,51519
2025-10-02 04:00:00+00:00,2025-10-03 04:00:00+00:00,2025-10-01 04:00:00+00:00,Western,15761,5315,3394,24470
2025-10-02 04:00:00+00:00,2025-10-03 04:00:00+00:00,2025-10-02 04:00:00+00:00,Mid Atlantic - Dominion,18408,5876,3738,28022
2025-10-02 04:00:00+00:00,2025-10-03 04:00:00+00:00,2025-10-02 04:00:00+00:00,PJM RTO,34169,11854,7470,53493
2025-10-02 04:00:00+00:00,2025-10-03 04:00:00+00:00,2025-10-02 04:00:00+00:00,Western,15761,5978,3732,25471
2025-10-03 04:00:00+00:00,2025-10-04 04:00:00+00:00,2025-09-27 04:00:00+00:00,Mid Atlantic - Dominion,20113,4078,1812,26003
2025-10-03 04:00:00+00:00,2025-10-04 04:00:00+00:00,2025-09-27 04:00:00+00:00,PJM RTO,37396,8767,3108,49271
2025-10-03 04:00:00+00:00,2025-10-04 04:00:00+00:00,2025-09-27 04:00:00+00:00,Western,17283,4689,1296,23268
2025-10-03 04:00:00+00:00,2025-10-04 04:00:00+00:00,2025-09-28 04:00:00+00:00,Mid Atlantic - Dominion,20113,4082,1888,26083
2025-10-03 04:00:00+00:00,2025-10-04 04:00:00+00:00,2025-09-28 04:00:00+00:00,PJM RTO,37396,8771,3219,49386
2025-10-03 04:00:00+00:00,2025-10-04 04:00:00+00:00,2025-09-28 04:00:00+00:00,Western,17283,4689,1331,23303
2025-10-03 04:00:00+00:00,2025-10-04 04:00:00+00:00,2025-09-29 04:00:00+00:00,Mid Atlantic - Dominion,20113,4082,1894,26089
2025-10-03 04:00:00+00:00,2025-10-04 04:00:00+00:00,2025-09-29 04:00:00+00:00,PJM RTO,37396,8771,3243,49410
2025-10-03 04:00:00+00:00,2025-10-04 04:00:00+00:00,2025-09-29 04:00:00+00:00,Western,17283,4689,1349,23321
2025-10-03 04:00:00+00:00,2025-10-04 04:00:00+00:00,2025-09-30 04:00:00+00:00,Mid Atlantic - Dominion,20267,4111,2094,26472
2025-10-03 04:00:00+00:00,2025-10-04 04:00:00+00:00,2025-09-30 04:00:00+00:00,PJM RTO,37550,10099,4939,52588
2025-10-03 04:00:00+00:00,2025-10-04 04:00:00+00:00,2025-09-30 04:00:00+00:00,Western,17283,5988,2845,26116
2025-10-03 04:00:00+00:00,2025-10-04 04:00:00+00:00,2025-10-01 04:00:00+00:00,Mid Atlantic - Dominion,20267,4445,2245,26957
2025-10-03 04:00:00+00:00,2025-10-04 04:00:00+00:00,2025-10-01 04:00:00+00:00,PJM RTO,36939,9855,5412,52206
2025-10-03 04:00:00+00:00,2025-10-04 04:00:00+00:00,2025-10-01 04:00:00+00:00,Western,16672,5410,3167,25249
2025-10-03 04:00:00+00:00,2025-10-04 04:00:00+00:00,2025-10-02 04:00:00+00:00,Mid Atlantic - Dominion,20753,5450,2258,28461
2025-10-03 04:00:00+00:00,2025-10-04 04:00:00+00:00,2025-10-02 04:00:00+00:00,PJM RTO,37425,10810,5646,53881
2025-10-03 04:00:00+00:00,2025-10-04 04:00:00+00:00,2025-10-02 04:00:00+00:00,Western,16672,5360,3388,25420
2025-10-03 04:00:00+00:00,2025-10-04 04:00:00+00:00,2025-10-03 04:00:00+00:00,Mid Atlantic - Dominion,19956,5322,3903,29181
2025-10-03 04:00:00+00:00,2025-10-04 04:00:00+00:00,2025-10-03 04:00:00+00:00,PJM RTO,36382,11113,6559,54054
2025-10-03 04:00:00+00:00,2025-10-04 04:00:00+00:00,2025-10-03 04:00:00+00:00,Western,16426,5791,2656,24873
2025-10-04 04:00:00+00:00,2025-10-05 04:00:00+00:00,2025-09-28 04:00:00+00:00,Mid Atlantic - Dominion,22242,4358,1825,28425
2025-10-04 04:00:00+00:00,2025-10-05 04:00:00+00:00,2025-09-28 04:00:00+00:00,PJM RTO,44063,6462,2954,53479
2025-10-04 04:00:00+00:00,2025-10-05 04:00:00+00:00,2025-09-28 04:00:00+00:00,Western,21821,2104,1129,25054
2025-10-04 04:00:00+00:00,2025-10-05 04:00:00+00:00,2025-09-29 04:00:00+00:00,Mid Atlantic - Dominion,22242,4358,1819,28419
2025-10-04 04:00:00+00:00,2025-10-05 04:00:00+00:00,2025-09-29 04:00:00+00:00,PJM RTO,44063,6462,2958,53483
2025-10-04 04:00:00+00:00,2025-10-05 04:00:00+00:00,2025-09-29 04:00:00+00:00,Western,21821,2104,1139,25064
2025-10-04 04:00:00+00:00,2025-10-05 04:00:00+00:00,2025-09-30 04:00:00+00:00,Mid Atlantic - Dominion,22414,4763,2008,29185
2025-10-04 04:00:00+00:00,2025-10-05 04:00:00+00:00,2025-09-30 04:00:00+00:00,PJM RTO,44235,7591,3878,55704
2025-10-04 04:00:00+00:00,2025-10-05 04:00:00+00:00,2025-09-30 04:00:00+00:00,Western,21821,2828,1870,26519
2025-10-04 04:00:00+00:00,2025-10-05 04:00:00+00:00,2025-10-01 04:00:00+00:00,Mid Atlantic - Dominion,22414,4956,2136,29506
2025-10-04 04:00:00+00:00,2025-10-05 04:00:00+00:00,2025-10-01 04:00:00+00:00,PJM RTO,43014,7206,4320,54540
2025-10-04 04:00:00+00:00,2025-10-05 04:00:00+00:00,2025-10-01 04:00:00+00:00,Western,20600,2250,2184,25034
2025-10-04 04:00:00+00:00,2025-10-05 04:00:00+00:00,2025-10-02 04:00:00+00:00,Mid Atlantic - Dominion,22448,5839,2121,30408
2025-10-04 04:00:00+00:00,2025-10-05 04:00:00+00:00,2025-10-02 04:00:00+00:00,PJM RTO,42965,8560,4301,55826
2025-10-04 04:00:00+00:00,2025-10-05 04:00:00+00:00,2025-10-02 04:00:00+00:00,Western,20517,2721,2180,25418
2025-10-04 04:00:00+00:00,2025-10-05 04:00:00+00:00,2025-10-03 04:00:00+00:00,Mid Atlantic - Dominion,21696,5326,2911,29933
2025-10-04 04:00:00+00:00,2025-10-05 04:00:00+00:00,2025-10-03 04:00:00+00:00,PJM RTO,41422,8076,4730,54228
2025-10-04 04:00:00+00:00,2025-10-05 04:00:00+00:00,2025-10-03 04:00:00+00:00,Western,19726,2750,1819,24295
2025-10-04 04:00:00+00:00,2025-10-05 04:00:00+00:00,2025-10-04 04:00:00+00:00,Mid Atlantic - Dominion,21825,4688,3014,29527
2025-10-04 04:00:00+00:00,2025-10-05 04:00:00+00:00,2025-10-04 04:00:00+00:00,PJM RTO,40716,8702,6509,55927
2025-10-04 04:00:00+00:00,2025-10-05 04:00:00+00:00,2025-10-04 04:00:00+00:00,Western,18891,4014,3495,26400
2025-10-05 04:00:00+00:00,2025-10-06 04:00:00+00:00,2025-09-29 04:00:00+00:00,Mid Atlantic - Dominion,22505,4025,1819,28349
2025-10-05 04:00:00+00:00,2025-10-06 04:00:00+00:00,2025-09-29 04:00:00+00:00,PJM RTO,47967,5662,2958,56587
2025-10-05 04:00:00+00:00,2025-10-06 04:00:00+00:00,2025-09-29 04:00:00+00:00,Western,25462,1637,1139,28238
2025-10-05 04:00:00+00:00,2025-10-06 04:00:00+00:00,2025-09-30 04:00:00+00:00,Mid Atlantic - Dominion,22677,4037,2008,28722
2025-10-05 04:00:00+00:00,2025-10-06 04:00:00+00:00,2025-09-30 04:00:00+00:00,PJM RTO,48139,5765,3878,57782
2025-10-05 04:00:00+00:00,2025-10-06 04:00:00+00:00,2025-09-30 04:00:00+00:00,Western,25462,1728,1870,29060
2025-10-05 04:00:00+00:00,2025-10-06 04:00:00+00:00,2025-10-01 04:00:00+00:00,Mid Atlantic - Dominion,22677,4112,2136,28925
2025-10-05 04:00:00+00:00,2025-10-06 04:00:00+00:00,2025-10-01 04:00:00+00:00,PJM RTO,46921,5884,4314,57119
2025-10-05 04:00:00+00:00,2025-10-06 04:00:00+00:00,2025-10-01 04:00:00+00:00,Western,24244,1772,2178,28194
2025-10-05 04:00:00+00:00,2025-10-06 04:00:00+00:00,2025-10-02 04:00:00+00:00,Mid Atlantic - Dominion,22711,4648,2121,29480
2025-10-05 04:00:00+00:00,2025-10-06 04:00:00+00:00,2025-10-02 04:00:00+00:00,PJM RTO,45835,6676,4295,56806
2025-10-05 04:00:00+00:00,2025-10-06 04:00:00+00:00,2025-10-02 04:00:00+00:00,Western,23124,2028,2174,27326
2025-10-05 04:00:00+00:00,2025-10-06 04:00:00+00:00,2025-10-03 04:00:00+00:00,Mid Atlantic - Dominion,21798,4407,2911,29116
2025-10-05 04:00:00+00:00,2025-10-06 04:00:00+00:00,2025-10-03 04:00:00+00:00,PJM RTO,43764,6396,4785,54945
2025-10-05 04:00:00+00:00,2025-10-06 04:00:00+00:00,2025-10-03 04:00:00+00:00,Western,21966,1989,1874,25829
2025-10-05 04:00:00+00:00,2025-10-06 04:00:00+00:00,2025-10-04 04:00:00+00:00,Mid Atlantic - Dominion,21580,4263,2886,28729
2025-10-05 04:00:00+00:00,2025-10-06 04:00:00+00:00,2025-10-04 04:00:00+00:00,PJM RTO,43121,6650,6701,56472
2025-10-05 04:00:00+00:00,2025-10-06 04:00:00+00:00,2025-10-04 04:00:00+00:00,Western,21541,2387,3815,27743
2025-10-05 04:00:00+00:00,2025-10-06 04:00:00+00:00,2025-10-05 04:00:00+00:00,Mid Atlantic - Dominion,21580,4136,2951,28667
2025-10-05 04:00:00+00:00,2025-10-06 04:00:00+00:00,2025-10-05 04:00:00+00:00,PJM RTO,42923,6548,6047,55518
2025-10-05 04:00:00+00:00,2025-10-06 04:00:00+00:00,2025-10-05 04:00:00+00:00,Western,21343,2412,3096,26851
2025-10-06 04:00:00+00:00,2025-10-07 04:00:00+00:00,2025-09-30 04:00:00+00:00,Mid Atlantic - Dominion,23810,4359,2008,30177
2025-10-06 04:00:00+00:00,2025-10-07 04:00:00+00:00,2025-09-30 04:00:00+00:00,PJM RTO,50612,5228,3802,59642
2025-10-06 04:00:00+00:00,2025-10-07 04:00:00+00:00,2025-09-30 04:00:00+00:00,Western,26802,869,1794,29465
2025-10-06 04:00:00+00:00,2025-10-07 04:00:00+00:00,2025-10-01 04:00:00+00:00,Mid Atlantic - Dominion,23810,4434,2136,30380
2025-10-06 04:00:00+00:00,2025-10-07 04:00:00+00:00,2025-10-01 04:00:00+00:00,PJM RTO,49698,5325,4238,59261
2025-10-06 04:00:00+00:00,2025-10-07 04:00:00+00:00,2025-10-01 04:00:00+00:00,Western,25888,891,2102,28881
2025-10-06 04:00:00+00:00,2025-10-07 04:00:00+00:00,2025-10-02 04:00:00+00:00,Mid Atlantic - Dominion,23702,3466,2121,29289
2025-10-06 04:00:00+00:00,2025-10-07 04:00:00+00:00,2025-10-02 04:00:00+00:00,PJM RTO,48217,4206,4219,56642
2025-10-06 04:00:00+00:00,2025-10-07 04:00:00+00:00,2025-10-02 04:00:00+00:00,Western,24515,740,2098,27353
2025-10-06 04:00:00+00:00,2025-10-07 04:00:00+00:00,2025-10-03 04:00:00+00:00,Mid Atlantic - Dominion,22630,2941,2911,28482
2025-10-06 04:00:00+00:00,2025-10-07 04:00:00+00:00,2025-10-03 04:00:00+00:00,PJM RTO,45837,3644,4709,54190
2025-10-06 04:00:00+00:00,2025-10-07 04:00:00+00:00,2025-10-03 04:00:00+00:00,Western,23207,703,1798,25708
2025-10-06 04:00:00+00:00,2025-10-07 04:00:00+00:00,2025-10-04 04:00:00+00:00,Mid Atlantic - Dominion,22463,2976,2884,28323
2025-10-06 04:00:00+00:00,2025-10-07 04:00:00+00:00,2025-10-04 04:00:00+00:00,PJM RTO,45622,3311,6605,55538
2025-10-06 04:00:00+00:00,2025-10-07 04:00:00+00:00,2025-10-04 04:00:00+00:00,Western,23159,335,3721,27215
2025-10-06 04:00:00+00:00,2025-10-07 04:00:00+00:00,2025-10-05 04:00:00+00:00,Mid Atlantic - Dominion,22463,2996,2824,28283
2025-10-06 04:00:00+00:00,2025-10-07 04:00:00+00:00,2025-10-05 04:00:00+00:00,PJM RTO,45574,3387,6066,55027
2025-10-06 04:00:00+00:00,2025-10-07 04:00:00+00:00,2025-10-05 04:00:00+00:00,Western,23111,391,3242,26744
2025-10-06 04:00:00+00:00,2025-10-07 04:00:00+00:00,2025-10-06 04:00:00+00:00,Mid Atlantic - Dominion,22078,2912,3755,28745
2025-10-06 04:00:00+00:00,2025-10-07 04:00:00+00:00,2025-10-06 04:00:00+00:00,PJM RTO,45039,3531,7432,56002
2025-10-06 04:00:00+00:00,2025-10-07 04:00:00+00:00,2025-10-06 04:00:00+00:00,Western,22961,619,3677,27257
2025-10-07 04:00:00+00:00,2025-10-08 04:00:00+00:00,2025-10-01 04:00:00+00:00,Mid Atlantic - Dominion,23058,3725,2084,28867
2025-10-07 04:00:00+00:00,2025-10-08 04:00:00+00:00,2025-10-01 04:00:00+00:00,PJM RTO,49227,5308,3455,57990
2025-10-07 04:00:00+00:00,2025-10-08 04:00:00+00:00,2025-10-01 04:00:00+00:00,Western,26169,1583,1371,29123
2025-10-07 04:00:00+00:00,2025-10-08 04:00:00+00:00,2025-10-02 04:00:00+00:00,Mid Atlantic - Dominion,23041,3725,2072,28838
2025-10-07 04:00:00+00:00,2025-10-08 04:00:00+00:00,2025-10-02 04:00:00+00:00,PJM RTO,48863,5258,3313,57434
2025-10-07 04:00:00+00:00,2025-10-08 04:00:00+00:00,2025-10-02 04:00:00+00:00,Western,25822,1533,1241,28596
2025-10-07 04:00:00+00:00,2025-10-08 04:00:00+00:00,2025-10-03 04:00:00+00:00,Mid Atlantic - Dominion,22721,3222,2870,28813
2025-10-07 04:00:00+00:00,2025-10-08 04:00:00+00:00,2025-10-03 04:00:00+00:00,PJM RTO,47650,4499,4559,56708
2025-10-07 04:00:00+00:00,2025-10-08 04:00:00+00:00,2025-10-03 04:00:00+00:00,Western,24929,1277,1689,27895
2025-10-07 04:00:00+00:00,2025-10-08 04:00:00+00:00,2025-10-04 04:00:00+00:00,Mid Atlantic - Dominion,22554,3316,2793,28663
2025-10-07 04:00:00+00:00,2025-10-08 04:00:00+00:00,2025-10-04 04:00:00+00:00,PJM RTO,47483,4559,5525,57567
2025-10-07 04:00:00+00:00,2025-10-08 04:00:00+00:00,2025-10-04 04:00:00+00:00,Western,24929,1243,2732,28904
2025-10-07 04:00:00+00:00,2025-10-08 04:00:00+00:00,2025-10-05 04:00:00+00:00,Mid Atlantic - Dominion,22554,3336,2738,28628
2025-10-07 04:00:00+00:00,2025-10-08 04:00:00+00:00,2025-10-05 04:00:00+00:00,PJM RTO,47435,4635,5543,57613
2025-10-07 04:00:00+00:00,2025-10-08 04:00:00+00:00,2025-10-05 04:00:00+00:00,Western,24881,1299,2805,28985
2025-10-07 04:00:00+00:00,2025-10-08 04:00:00+00:00,2025-10-06 04:00:00+00:00,Mid Atlantic - Dominion,22169,3466,3505,29140
2025-10-07 04:00:00+00:00,2025-10-08 04:00:00+00:00,2025-10-06 04:00:00+00:00,PJM RTO,47050,4743,6332,58125
2025-10-07 04:00:00+00:00,2025-10-08 04:00:00+00:00,2025-10-06 04:00:00+00:00,Western,24881,1277,2827,28985
2025-10-07 04:00:00+00:00,2025-10-08 04:00:00+00:00,2025-10-07 04:00:00+00:00,Mid Atlantic - Dominion,21290,3456,4347,29093
2025-10-07 04:00:00+00:00,2025-10-08 04:00:00+00:00,2025-10-07 04:00:00+00:00,PJM RTO,46021,5019,7416,58456
2025-10-07 04:00:00+00:00,2025-10-08 04:00:00+00:00,2025-10-07 04:00:00+00:00,Western,24731,1563,3069,29363
2025-10-08 04:00:00+00:00,2025-10-09 04:00:00+00:00,2025-10-02 04:00:00+00:00,Mid Atlantic - Dominion,24008,5182,2028,31218
2025-10-08 04:00:00+00:00,2025-10-09 04:00:00+00:00,2025-10-02 04:00:00+00:00,PJM RTO,50214,8269,3221,61704
2025-10-08 04:00:00+00:00,2025-10-09 04:00:00+00:00,2025-10-02 04:00:00+00:00,Western,26206,3087,1193,30486
2025-10-08 04:00:00+00:00,2025-10-09 04:00:00+00:00,2025-10-03 04:00:00+00:00,Mid Atlantic - Dominion,23688,4808,2826,31322
2025-10-08 04:00:00+00:00,2025-10-09 04:00:00+00:00,2025-10-03 04:00:00+00:00,PJM RTO,49546,7639,4459,61644
2025-10-08 04:00:00+00:00,2025-10-09 04:00:00+00:00,2025-10-03 04:00:00+00:00,Western,25858,2831,1633,30322
2025-10-08 04:00:00+00:00,2025-10-09 04:00:00+00:00,2025-10-04 04:00:00+00:00,Mid Atlantic - Dominion,23521,4938,2793,31252
2025-10-08 04:00:00+00:00,2025-10-09 04:00:00+00:00,2025-10-04 04:00:00+00:00,PJM RTO,49379,8582,5102,63063
2025-10-08 04:00:00+00:00,2025-10-09 04:00:00+00:00,2025-10-04 04:00:00+00:00,Western,25858,3644,2309,31811
2025-10-08 04:00:00+00:00,2025-10-09 04:00:00+00:00,2025-10-05 04:00:00+00:00,Mid Atlantic - Dominion,23521,4958,2725,31204
2025-10-08 04:00:00+00:00,2025-10-09 04:00:00+00:00,2025-10-05 04:00:00+00:00,PJM RTO,49331,8658,5107,63096
2025-10-08 04:00:00+00:00,2025-10-09 04:00:00+00:00,2025-10-05 04:00:00+00:00,Western,25810,3700,2382,31892
2025-10-08 04:00:00+00:00,2025-10-09 04:00:00+00:00,2025-10-06 04:00:00+00:00,Mid Atlantic - Dominion,23136,5077,3511,31724
2025-10-08 04:00:00+00:00,2025-10-09 04:00:00+00:00,2025-10-06 04:00:00+00:00,PJM RTO,48946,8755,5915,63616
2025-10-08 04:00:00+00:00,2025-10-09 04:00:00+00:00,2025-10-06 04:00:00+00:00,Western,25810,3678,2404,31892
2025-10-08 04:00:00+00:00,2025-10-09 04:00:00+00:00,2025-10-07 04:00:00+00:00,Mid Atlantic - Dominion,22465,5660,4217,32342
2025-10-08 04:00:00+00:00,2025-10-09 04:00:00+00:00,2025-10-07 04:00:00+00:00,PJM RTO,48125,9838,6611,64574
2025-10-08 04:00:00+00:00,2025-10-09 04:00:00+00:00,2025-10-07 04:00:00+00:00,Western,25660,4178,2394,32232
2025-10-08 04:00:00+00:00,2025-10-09 04:00:00+00:00,2025-10-08 04:00:00+00:00,Mid Atlantic - Dominion,22433,5197,5137,32767
2025-10-08 04:00:00+00:00,2025-10-09 04:00:00+00:00,2025-10-08 04:00:00+00:00,PJM RTO,47164,9075,8666,64905
2025-10-08 04:00:00+00:00,2025-10-09 04:00:00+00:00,2025-10-08 04:00:00+00:00,Western,24731,3878,3529,32138
2025-10-09 04:00:00+00:00,2025-10-10 04:00:00+00:00,2025-10-03 04:00:00+00:00,Mid Atlantic - Dominion,23462,5543,2777,31782
2025-10-09 04:00:00+00:00,2025-10-10 04:00:00+00:00,2025-10-03 04:00:00+00:00,PJM RTO,48555,8219,4230,61004
2025-10-09 04:00:00+00:00,2025-10-10 04:00:00+00:00,2025-10-03 04:00:00+00:00,Western,25093,2676,1453,29222
2025-10-09 04:00:00+00:00,2025-10-10 04:00:00+00:00,2025-10-04 04:00:00+00:00,Mid Atlantic - Dominion,23244,5672,2744,31660
2025-10-09 04:00:00+00:00,2025-10-10 04:00:00+00:00,2025-10-04 04:00:00+00:00,PJM RTO,48337,9707,4679,62723
2025-10-09 04:00:00+00:00,2025-10-10 04:00:00+00:00,2025-10-04 04:00:00+00:00,Western,25093,4035,1935,31063
2025-10-09 04:00:00+00:00,2025-10-10 04:00:00+00:00,2025-10-05 04:00:00+00:00,Mid Atlantic - Dominion,23244,5692,2676,31612
2025-10-09 04:00:00+00:00,2025-10-10 04:00:00+00:00,2025-10-05 04:00:00+00:00,PJM RTO,48337,9783,4678,62798
2025-10-09 04:00:00+00:00,2025-10-10 04:00:00+00:00,2025-10-05 04:00:00+00:00,Western,25093,4091,2002,31186
2025-10-09 04:00:00+00:00,2025-10-10 04:00:00+00:00,2025-10-06 04:00:00+00:00,Mid Atlantic - Dominion,23244,5811,3462,32517
2025-10-09 04:00:00+00:00,2025-10-10 04:00:00+00:00,2025-10-06 04:00:00+00:00,PJM RTO,48337,9880,5486,63703
2025-10-09 04:00:00+00:00,2025-10-10 04:00:00+00:00,2025-10-06 04:00:00+00:00,Western,25093,4069,2024,31186
2025-10-09 04:00:00+00:00,2025-10-10 04:00:00+00:00,2025-10-07 04:00:00+00:00,Mid Atlantic - Dominion,22573,6377,4168,33118
2025-10-09 04:00:00+00:00,2025-10-10 04:00:00+00:00,2025-10-07 04:00:00+00:00,PJM RTO,47816,11077,6182,65075
2025-10-09 04:00:00+00:00,2025-10-10 04:00:00+00:00,2025-10-07 04:00:00+00:00,Western,25243,4700,2014,31957
2025-10-09 04:00:00+00:00,2025-10-10 04:00:00+00:00,2025-10-08 04:00:00+00:00,Mid Atlantic - Dominion,22592,6381,4920,33893
2025-10-09 04:00:00+00:00,2025-10-10 04:00:00+00:00,2025-10-08 04:00:00+00:00,PJM RTO,47925,11579,7787,67291
2025-10-09 04:00:00+00:00,2025-10-10 04:00:00+00:00,2025-10-08 04:00:00+00:00,Western,25333,5198,2867,33398
2025-10-09 04:00:00+00:00,2025-10-10 04:00:00+00:00,2025-10-09 04:00:00+00:00,Mid Atlantic - Dominion,22576,5398,5143,33117
2025-10-09 04:00:00+00:00,2025-10-10 04:00:00+00:00,2025-10-09 04:00:00+00:00,PJM RTO,47772,11150,9171,68093
2025-10-09 04:00:00+00:00,2025-10-10 04:00:00+00:00,2025-10-09 04:00:00+00:00,Western,25196,5752,4028,34976
2025-10-10 04:00:00+00:00,2025-10-11 04:00:00+00:00,2025-10-04 04:00:00+00:00,Mid Atlantic - Dominion,25156,3284,2570,31010
2025-10-10 04:00:00+00:00,2025-10-11 04:00:00+00:00,2025-10-04 04:00:00+00:00,PJM RTO,51450,6740,4405,62595
2025-10-10 04:00:00+00:00,2025-10-11 04:00:00+00:00,2025-10-04 04:00:00+00:00,Western,26294,3456,1835,31585
2025-10-10 04:00:00+00:00,2025-10-11 04:00:00+00:00,2025-10-05 04:00:00+00:00,Mid Atlantic - Dominion,25156,3304,2548,31008
2025-10-10 04:00:00+00:00,2025-10-11 04:00:00+00:00,2025-10-05 04:00:00+00:00,PJM RTO,51450,6816,4450,62716
2025-10-10 04:00:00+00:00,2025-10-11 04:00:00+00:00,2025-10-05 04:00:00+00:00,Western,26294,3512,1902,31708
2025-10-10 04:00:00+00:00,2025-10-11 04:00:00+00:00,2025-10-06 04:00:00+00:00,Mid Atlantic - Dominion,25156,3423,2597,31176
2025-10-10 04:00:00+00:00,2025-10-11 04:00:00+00:00,2025-10-06 04:00:00+00:00,PJM RTO,51450,6913,4521,62884
2025-10-10 04:00:00+00:00,2025-10-11 04:00:00+00:00,2025-10-06 04:00:00+00:00,Western,26294,3490,1924,31708
2025-10-10 04:00:00+00:00,2025-10-11 04:00:00+00:00,2025-10-07 04:00:00+00:00,Mid Atlantic - Dominion,24510,4803,3314,32627
2025-10-10 04:00:00+00:00,2025-10-11 04:00:00+00:00,2025-10-07 04:00:00+00:00,PJM RTO,50954,8672,5227,64853
2025-10-10 04:00:00+00:00,2025-10-11 04:00:00+00:00,2025-10-07 04:00:00+00:00,Western,26444,3869,1913,32226
2025-10-10 04:00:00+00:00,2025-10-11 04:00:00+00:00,2025-10-08 04:00:00+00:00,Mid Atlantic - Dominion,24529,4910,4062,33501
2025-10-10 04:00:00+00:00,2025-10-11 04:00:00+00:00,2025-10-08 04:00:00+00:00,PJM RTO,51063,8610,6829,66502
2025-10-10 04:00:00+00:00,2025-10-11 04:00:00+00:00,2025-10-08 04:00:00+00:00,Western,26534,3700,2767,33001
2025-10-10 04:00:00+00:00,2025-10-11 04:00:00+00:00,2025-10-09 04:00:00+00:00,Mid Atlantic - Dominion,24863,4760,4025,33648
2025-10-10 04:00:00+00:00,2025-10-11 04:00:00+00:00,2025-10-09 04:00:00+00:00,PJM RTO,51260,8820,7201,67281
2025-10-10 04:00:00+00:00,2025-10-11 04:00:00+00:00,2025-10-09 04:00:00+00:00,Western,26397,4060,3176,33633
2025-10-10 04:00:00+00:00,2025-10-11 04:00:00+00:00,2025-10-10 04:00:00+00:00,Mid Atlantic - Dominion,24547,4404,5569,34520
2025-10-10 04:00:00+00:00,2025-10-11 04:00:00+00:00,2025-10-10 04:00:00+00:00,PJM RTO,50943,7964,9648,68555
2025-10-10 04:00:00+00:00,2025-10-11 04:00:00+00:00,2025-10-10 04:00:00+00:00,Western,26396,3560,4079,34035
2025-10-11 04:00:00+00:00,2025-10-12 04:00:00+00:00,2025-10-05 04:00:00+00:00,Mid Atlantic - Dominion,25131,4591,2111,31833
2025-10-11 04:00:00+00:00,2025-10-12 04:00:00+00:00,2025-10-05 04:00:00+00:00,PJM RTO,53336,7089,3832,64257
2025-10-11 04:00:00+00:00,2025-10-12 04:00:00+00:00,2025-10-05 04:00:00+00:00,Western,28205,2498,1721,32424
2025-10-11 04:00:00+00:00,2025-10-12 04:00:00+00:00,2025-10-06 04:00:00+00:00,Mid Atlantic - Dominion,25131,4616,2146,31893
2025-10-11 04:00:00+00:00,2025-10-12 04:00:00+00:00,2025-10-06 04:00:00+00:00,PJM RTO,53336,7087,3890,64313
2025-10-11 04:00:00+00:00,2025-10-12 04:00:00+00:00,2025-10-06 04:00:00+00:00,Western,28205,2471,1744,32420
2025-10-11 04:00:00+00:00,2025-10-12 04:00:00+00:00,2025-10-07 04:00:00+00:00,Mid Atlantic - Dominion,24503,6864,2847,34214
2025-10-11 04:00:00+00:00,2025-10-12 04:00:00+00:00,2025-10-07 04:00:00+00:00,PJM RTO,52558,10280,4667,67505
2025-10-11 04:00:00+00:00,2025-10-12 04:00:00+00:00,2025-10-07 04:00:00+00:00,Western,28055,3416,1820,33291
2025-10-11 04:00:00+00:00,2025-10-12 04:00:00+00:00,2025-10-08 04:00:00+00:00,Mid Atlantic - Dominion,24522,6849,3601,34972
2025-10-11 04:00:00+00:00,2025-10-12 04:00:00+00:00,2025-10-08 04:00:00+00:00,PJM RTO,51798,10506,6227,68531
2025-10-11 04:00:00+00:00,2025-10-12 04:00:00+00:00,2025-10-08 04:00:00+00:00,Western,27276,3657,2626,33559
2025-10-11 04:00:00+00:00,2025-10-12 04:00:00+00:00,2025-10-09 04:00:00+00:00,Mid Atlantic - Dominion,24506,6808,3556,34870
2025-10-11 04:00:00+00:00,2025-10-12 04:00:00+00:00,2025-10-09 04:00:00+00:00,PJM RTO,50910,10766,6463,68139
2025-10-11 04:00:00+00:00,2025-10-12 04:00:00+00:00,2025-10-09 04:00:00+00:00,Western,26404,3958,2907,33269
2025-10-11 04:00:00+00:00,2025-10-12 04:00:00+00:00,2025-10-10 04:00:00+00:00,Mid Atlantic - Dominion,24623,7051,4117,35791
2025-10-11 04:00:00+00:00,2025-10-12 04:00:00+00:00,2025-10-10 04:00:00+00:00,PJM RTO,51106,10919,8105,70130
2025-10-11 04:00:00+00:00,2025-10-12 04:00:00+00:00,2025-10-10 04:00:00+00:00,Western,26483,3868,3988,34339
2025-10-11 04:00:00+00:00,2025-10-12 04:00:00+00:00,2025-10-11 04:00:00+00:00,Mid Atlantic - Dominion,24003,6871,6414,37288
2025-10-11 04:00:00+00:00,2025-10-12 04:00:00+00:00,2025-10-11 04:00:00+00:00,PJM RTO,49484,10013,12095,71592
2025-10-11 04:00:00+00:00,2025-10-12 04:00:00+00:00,2025-10-11 04:00:00+00:00,Western,25481,3142,5681,34304
2025-10-12 04:00:00+00:00,2025-10-13 04:00:00+00:00,2025-10-06 04:00:00+00:00,Mid Atlantic - Dominion,25930,4392,2127,32449
2025-10-12 04:00:00+00:00,2025-10-13 04:00:00+00:00,2025-10-06 04:00:00+00:00,PJM RTO,53556,6866,3850,64272
2025-10-12 04:00:00+00:00,2025-10-13 04:00:00+00:00,2025-10-06 04:00:00+00:00,Western,27626,2474,1723,31823
2025-10-12 04:00:00+00:00,2025-10-13 04:00:00+00:00,2025-10-07 04:00:00+00:00,Mid Atlantic - Dominion,25363,5138,2847,33348
2025-10-12 04:00:00+00:00,2025-10-13 04:00:00+00:00,2025-10-07 04:00:00+00:00,PJM RTO,52839,7636,4646,65121
2025-10-12 04:00:00+00:00,2025-10-13 04:00:00+00:00,2025-10-07 04:00:00+00:00,Western,27476,2498,1799,31773
2025-10-12 04:00:00+00:00,2025-10-13 04:00:00+00:00,2025-10-08 04:00:00+00:00,Mid Atlantic - Dominion,25331,5236,3601,34168
2025-10-12 04:00:00+00:00,2025-10-13 04:00:00+00:00,2025-10-08 04:00:00+00:00,PJM RTO,52103,8375,6039,66517
2025-10-12 04:00:00+00:00,2025-10-13 04:00:00+00:00,2025-10-08 04:00:00+00:00,Western,26772,3139,2438,32349
2025-10-12 04:00:00+00:00,2025-10-13 04:00:00+00:00,2025-10-09 04:00:00+00:00,Mid Atlantic - Dominion,25315,5236,3556,34107
2025-10-12 04:00:00+00:00,2025-10-13 04:00:00+00:00,2025-10-09 04:00:00+00:00,PJM RTO,51215,8334,6275,65824
2025-10-12 04:00:00+00:00,2025-10-13 04:00:00+00:00,2025-10-09 04:00:00+00:00,Western,25900,3098,2719,31717
2025-10-12 04:00:00+00:00,2025-10-13 04:00:00+00:00,2025-10-10 04:00:00+00:00,Mid Atlantic - Dominion,25457,5604,3592,34653
2025-10-12 04:00:00+00:00,2025-10-13 04:00:00+00:00,2025-10-10 04:00:00+00:00,PJM RTO,51436,9365,6860,67661
2025-10-12 04:00:00+00:00,2025-10-13 04:00:00+00:00,2025-10-10 04:00:00+00:00,Western,25979,3761,3268,33008
2025-10-12 04:00:00+00:00,2025-10-13 04:00:00+00:00,2025-10-11 04:00:00+00:00,Mid Atlantic - Dominion,25457,5630,5503,36590
2025-10-12 04:00:00+00:00,2025-10-13 04:00:00+00:00,2025-10-11 04:00:00+00:00,PJM RTO,50690,8871,10360,69921
2025-10-12 04:00:00+00:00,2025-10-13 04:00:00+00:00,2025-10-11 04:00:00+00:00,Western,25233,3241,4857,33331
2025-10-12 04:00:00+00:00,2025-10-13 04:00:00+00:00,2025-10-12 04:00:00+00:00,Mid Atlantic - Dominion,24067,5354,6256,35677
2025-10-12 04:00:00+00:00,2025-10-13 04:00:00+00:00,2025-10-12 04:00:00+00:00,PJM RTO,48956,7819,10650,67425
2025-10-12 04:00:00+00:00,2025-10-13 04:00:00+00:00,2025-10-12 04:00:00+00:00,Western,24889,2465,4394,31748
2025-10-13 04:00:00+00:00,2025-10-14 04:00:00+00:00,2025-10-07 04:00:00+00:00,Mid Atlantic - Dominion,27271,5173,2723,35167
2025-10-13 04:00:00+00:00,2025-10-14 04:00:00+00:00,2025-10-07 04:00:00+00:00,PJM RTO,54940,7429,4513,66882
2025-10-13 04:00:00+00:00,2025-10-14 04:00:00+00:00,2025-10-07 04:00:00+00:00,Western,27669,2256,1790,31715
2025-10-13 04:00:00+00:00,2025-10-14 04:00:00+00:00,2025-10-08 04:00:00+00:00,Mid Atlantic - Dominion,27253,5300,2627,35180
2025-10-13 04:00:00+00:00,2025-10-14 04:00:00+00:00,2025-10-08 04:00:00+00:00,PJM RTO,54218,7724,4576,66518
2025-10-13 04:00:00+00:00,2025-10-14 04:00:00+00:00,2025-10-08 04:00:00+00:00,Western,26965,2424,1949,31338
2025-10-13 04:00:00+00:00,2025-10-14 04:00:00+00:00,2025-10-09 04:00:00+00:00,Mid Atlantic - Dominion,27253,5300,2582,35135
2025-10-13 04:00:00+00:00,2025-10-14 04:00:00+00:00,2025-10-09 04:00:00+00:00,PJM RTO,54243,7968,4812,67023
2025-10-13 04:00:00+00:00,2025-10-14 04:00:00+00:00,2025-10-09 04:00:00+00:00,Western,26990,2668,2230,31888
2025-10-13 04:00:00+00:00,2025-10-14 04:00:00+00:00,2025-10-10 04:00:00+00:00,Mid Atlantic - Dominion,27395,7054,2742,37191
2025-10-13 04:00:00+00:00,2025-10-14 04:00:00+00:00,2025-10-10 04:00:00+00:00,PJM RTO,54464,9488,5521,69473
2025-10-13 04:00:00+00:00,2025-10-14 04:00:00+00:00,2025-10-10 04:00:00+00:00,Western,27069,2434,2779,32282
2025-10-13 04:00:00+00:00,2025-10-14 04:00:00+00:00,2025-10-11 04:00:00+00:00,Mid Atlantic - Dominion,27395,7343,4185,38923
2025-10-13 04:00:00+00:00,2025-10-14 04:00:00+00:00,2025-10-11 04:00:00+00:00,PJM RTO,53950,10024,8373,72347
2025-10-13 04:00:00+00:00,2025-10-14 04:00:00+00:00,2025-10-11 04:00:00+00:00,Western,26555,2681,4188,33424
2025-10-13 04:00:00+00:00,2025-10-14 04:00:00+00:00,2025-10-12 04:00:00+00:00,Mid Atlantic - Dominion,26645,7253,3683,37581
2025-10-13 04:00:00+00:00,2025-10-14 04:00:00+00:00,2025-10-12 04:00:00+00:00,PJM RTO,53006,9911,7807,70724
2025-10-13 04:00:00+00:00,2025-10-14 04:00:00+00:00,2025-10-12 04:00:00+00:00,Western,26361,2658,4124,33143
2025-10-13 04:00:00+00:00,2025-10-14 04:00:00+00:00,2025-10-13 04:00:00+00:00,Mid Atlantic - Dominion,26275,6594,4633,37502
2025-10-13 04:00:00+00:00,2025-10-14 04:00:00+00:00,2025-10-13 04:00:00+00:00,PJM RTO,52486,9749,8930,71165
2025-10-13 04:00:00+00:00,2025-10-14 04:00:00+00:00,2025-10-13 04:00:00+00:00,Western,26211,3155,4297,33663
2025-10-14 04:00:00+00:00,2025-10-15 04:00:00+00:00,2025-10-08 04:00:00+00:00,Mid Atlantic - Dominion,26497,3992,2613,33102
2025-10-14 04:00:00+00:00,2025-10-15 04:00:00+00:00,2025-10-08 04:00:00+00:00,PJM RTO,52273,6678,3985,62936
2025-10-14 04:00:00+00:00,2025-10-15 04:00:00+00:00,2025-10-08 04:00:00+00:00,Western,25776,2686,1372,29834
2025-10-14 04:00:00+00:00,2025-10-15 04:00:00+00:00,2025-10-09 04:00:00+00:00,Mid Atlantic - Dominion,26497,4078,2518,33093
2025-10-14 04:00:00+00:00,2025-10-15 04:00:00+00:00,2025-10-09 04:00:00+00:00,PJM RTO,52298,6902,4171,63371
2025-10-14 04:00:00+00:00,2025-10-15 04:00:00+00:00,2025-10-09 04:00:00+00:00,Western,25801,2824,1653,30278
2025-10-14 04:00:00+00:00,2025-10-15 04:00:00+00:00,2025-10-10 04:00:00+00:00,Mid Atlantic - Dominion,26573,4830,2678,34081
2025-10-14 04:00:00+00:00,2025-10-15 04:00:00+00:00,2025-10-10 04:00:00+00:00,PJM RTO,52453,8522,4231,65206
2025-10-14 04:00:00+00:00,2025-10-15 04:00:00+00:00,2025-10-10 04:00:00+00:00,Western,25880,3692,1553,31125
2025-10-14 04:00:00+00:00,2025-10-15 04:00:00+00:00,2025-10-11 04:00:00+00:00,Mid Atlantic - Dominion,26573,5139,4108,35820
2025-10-14 04:00:00+00:00,2025-10-15 04:00:00+00:00,2025-10-11 04:00:00+00:00,PJM RTO,52096,9078,7020,68194
2025-10-14 04:00:00+00:00,2025-10-15 04:00:00+00:00,2025-10-11 04:00:00+00:00,Western,25523,3939,2912,32374
2025-10-14 04:00:00+00:00,2025-10-15 04:00:00+00:00,2025-10-12 04:00:00+00:00,Mid Atlantic - Dominion,26308,5061,3637,35006
2025-10-14 04:00:00+00:00,2025-10-15 04:00:00+00:00,2025-10-12 04:00:00+00:00,PJM RTO,51831,8977,6572,67380
2025-10-14 04:00:00+00:00,2025-10-15 04:00:00+00:00,2025-10-12 04:00:00+00:00,Western,25523,3916,2935,32374
2025-10-14 04:00:00+00:00,2025-10-15 04:00:00+00:00,2025-10-13 04:00:00+00:00,Mid Atlantic - Dominion,26288,5032,4349,35669
2025-10-14 04:00:00+00:00,2025-10-15 04:00:00+00:00,2025-10-13 04:00:00+00:00,PJM RTO,51661,9021,7474,68156
2025-10-14 04:00:00+00:00,2025-10-15 04:00:00+00:00,2025-10-13 04:00:00+00:00,Western,25373,3989,3125,32487
2025-10-14 04:00:00+00:00,2025-10-15 04:00:00+00:00,2025-10-14 04:00:00+00:00,Mid Atlantic - Dominion,25747,4018,5229,34994
2025-10-14 04:00:00+00:00,2025-10-15 04:00:00+00:00,2025-10-14 04:00:00+00:00,PJM RTO,50454,7076,10601,68131
2025-10-14 04:00:00+00:00,2025-10-15 04:00:00+00:00,2025-10-14 04:00:00+00:00,Western,24707,3058,5372,33137
2025-10-15 04:00:00+00:00,2025-10-16 04:00:00+00:00,2025-10-09 04:00:00+00:00,Mid Atlantic - Dominion,27131,2662,2518,32311
2025-10-15 04:00:00+00:00,2025-10-16 04:00:00+00:00,2025-10-09 04:00:00+00:00,PJM RTO,52075,5488,4041,61604
2025-10-15 04:00:00+00:00,2025-10-16 04:00:00+00:00,2025-10-09 04:00:00+00:00,Western,24944,2826,1523,29293
2025-10-15 04:00:00+00:00,2025-10-16 04:00:00+00:00,2025-10-10 04:00:00+00:00,Mid Atlantic - Dominion,27182,4392,2678,34252
2025-10-15 04:00:00+00:00,2025-10-16 04:00:00+00:00,2025-10-10 04:00:00+00:00,PJM RTO,52205,7306,4101,63612
2025-10-15 04:00:00+00:00,2025-10-16 04:00:00+00:00,2025-10-10 04:00:00+00:00,Western,25023,2914,1423,29360
2025-10-15 04:00:00+00:00,2025-10-16 04:00:00+00:00,2025-10-11 04:00:00+00:00,Mid Atlantic - Dominion,27182,4716,3258,35156
2025-10-15 04:00:00+00:00,2025-10-16 04:00:00+00:00,2025-10-11 04:00:00+00:00,PJM RTO,51848,7867,4751,64466
2025-10-15 04:00:00+00:00,2025-10-16 04:00:00+00:00,2025-10-11 04:00:00+00:00,Western,24666,3151,1493,29310
2025-10-15 04:00:00+00:00,2025-10-16 04:00:00+00:00,2025-10-12 04:00:00+00:00,Mid Atlantic - Dominion,27028,4636,2787,34451
2025-10-15 04:00:00+00:00,2025-10-16 04:00:00+00:00,2025-10-12 04:00:00+00:00,PJM RTO,51694,7764,4303,63761
2025-10-15 04:00:00+00:00,2025-10-16 04:00:00+00:00,2025-10-12 04:00:00+00:00,Western,24666,3128,1516,29310
2025-10-15 04:00:00+00:00,2025-10-16 04:00:00+00:00,2025-10-13 04:00:00+00:00,Mid Atlantic - Dominion,27008,4681,3499,35188
2025-10-15 04:00:00+00:00,2025-10-16 04:00:00+00:00,2025-10-13 04:00:00+00:00,PJM RTO,51674,7812,5191,64677
2025-10-15 04:00:00+00:00,2025-10-16 04:00:00+00:00,2025-10-13 04:00:00+00:00,Western,24666,3131,1692,29489
2025-10-15 04:00:00+00:00,2025-10-16 04:00:00+00:00,2025-10-14 04:00:00+00:00,Mid Atlantic - Dominion,26467,4648,3741,34856
2025-10-15 04:00:00+00:00,2025-10-16 04:00:00+00:00,2025-10-14 04:00:00+00:00,PJM RTO,51222,7806,6121,65149
2025-10-15 04:00:00+00:00,2025-10-16 04:00:00+00:00,2025-10-14 04:00:00+00:00,Western,24755,3158,2380,30293
2025-10-15 04:00:00+00:00,2025-10-16 04:00:00+00:00,2025-10-15 04:00:00+00:00,Mid Atlantic - Dominion,26787,4736,4290,35813
2025-10-15 04:00:00+00:00,2025-10-16 04:00:00+00:00,2025-10-15 04:00:00+00:00,PJM RTO,50475,8258,9282,68015
2025-10-15 04:00:00+00:00,2025-10-16 04:00:00+00:00,2025-10-15 04:00:00+00:00,Western,23688,3522,4992,32202
2025-10-16 04:00:00+00:00,2025-10-17 04:00:00+00:00,2025-10-10 04:00:00+00:00,Mid Atlantic - Dominion,27135,3317,2660,33112
2025-10-16 04:00:00+00:00,2025-10-17 04:00:00+00:00,2025-10-10 04:00:00+00:00,PJM RTO,50596,6225,4075,60896
2025-10-16 04:00:00+00:00,2025-10-17 04:00:00+00:00,2025-10-10 04:00:00+00:00,Western,23461,2908,1415,27784
2025-10-16 04:00:00+00:00,2025-10-17 04:00:00+00:00,2025-10-11 04:00:00+00:00,Mid Atlantic - Dominion,27135,4633,3240,35008
2025-10-16 04:00:00+00:00,2025-10-17 04:00:00+00:00,2025-10-11 04:00:00+00:00,PJM RTO,49976,8324,4695,62995
2025-10-16 04:00:00+00:00,2025-10-17 04:00:00+00:00,2025-10-11 04:00:00+00:00,Western,22841,3691,1455,27987
2025-10-16 04:00:00+00:00,2025-10-17 04:00:00+00:00,2025-10-12 04:00:00+00:00,Mid Atlantic - Dominion,26981,4553,2772,34306
2025-10-16 04:00:00+00:00,2025-10-17 04:00:00+00:00,2025-10-12 04:00:00+00:00,PJM RTO,49822,8221,4253,62296
2025-10-16 04:00:00+00:00,2025-10-17 04:00:00+00:00,2025-10-12 04:00:00+00:00,Western,22841,3668,1481,27990
2025-10-16 04:00:00+00:00,2025-10-17 04:00:00+00:00,2025-10-13 04:00:00+00:00,Mid Atlantic - Dominion,26961,4573,3484,35018
2025-10-16 04:00:00+00:00,2025-10-17 04:00:00+00:00,2025-10-13 04:00:00+00:00,PJM RTO,49802,8244,5138,63184
2025-10-16 04:00:00+00:00,2025-10-17 04:00:00+00:00,2025-10-13 04:00:00+00:00,Western,22841,3671,1654,28166
2025-10-16 04:00:00+00:00,2025-10-17 04:00:00+00:00,2025-10-14 04:00:00+00:00,Mid Atlantic - Dominion,26420,4515,3574,34509
2025-10-16 04:00:00+00:00,2025-10-17 04:00:00+00:00,2025-10-14 04:00:00+00:00,PJM RTO,49350,9093,5471,63914
2025-10-16 04:00:00+00:00,2025-10-17 04:00:00+00:00,2025-10-14 04:00:00+00:00,Western,22930,4578,1897,29405
2025-10-16 04:00:00+00:00,2025-10-17 04:00:00+00:00,2025-10-15 04:00:00+00:00,Mid Atlantic - Dominion,26360,4504,3816,34680
2025-10-16 04:00:00+00:00,2025-10-17 04:00:00+00:00,2025-10-15 04:00:00+00:00,PJM RTO,49009,9194,6232,64435
2025-10-16 04:00:00+00:00,2025-10-17 04:00:00+00:00,2025-10-15 04:00:00+00:00,Western,22649,4690,2416,29755
2025-10-16 04:00:00+00:00,2025-10-17 04:00:00+00:00,2025-10-16 04:00:00+00:00,Mid Atlantic - Dominion,26051,3776,4593,34420
2025-10-16 04:00:00+00:00,2025-10-17 04:00:00+00:00,2025-10-16 04:00:00+00:00,PJM RTO,48806,8090,9835,66731
2025-10-16 04:00:00+00:00,2025-10-17 04:00:00+00:00,2025-10-16 04:00:00+00:00,Western,22755,4314,5242,32311
2025-10-17 04:00:00+00:00,2025-10-18 04:00:00+00:00,2025-10-11 04:00:00+00:00,Mid Atlantic - Dominion,25706,3295,3238,32239
2025-10-17 04:00:00+00:00,2025-10-18 04:00:00+00:00,2025-10-11 04:00:00+00:00,PJM RTO,47921,6171,4691,58783
2025-10-17 04:00:00+00:00,2025-10-18 04:00:00+00:00,2025-10-11 04:00:00+00:00,Western,22215,2876,1453,26544
2025-10-17 04:00:00+00:00,2025-10-18 04:00:00+00:00,2025-10-12 04:00:00+00:00,Mid Atlantic - Dominion,25552,3295,2770,31617
2025-10-17 04:00:00+00:00,2025-10-18 04:00:00+00:00,2025-10-12 04:00:00+00:00,PJM RTO,47767,6148,4248,58163
2025-10-17 04:00:00+00:00,2025-10-18 04:00:00+00:00,2025-10-12 04:00:00+00:00,Western,22215,2853,1478,26546
2025-10-17 04:00:00+00:00,2025-10-18 04:00:00+00:00,2025-10-13 04:00:00+00:00,Mid Atlantic - Dominion,25532,3315,3482,32329
2025-10-17 04:00:00+00:00,2025-10-18 04:00:00+00:00,2025-10-13 04:00:00+00:00,PJM RTO,47747,6171,5130,59048
2025-10-17 04:00:00+00:00,2025-10-18 04:00:00+00:00,2025-10-13 04:00:00+00:00,Western,22215,2856,1648,26719
2025-10-17 04:00:00+00:00,2025-10-18 04:00:00+00:00,2025-10-14 04:00:00+00:00,Mid Atlantic - Dominion,25532,3264,3547,32343
2025-10-17 04:00:00+00:00,2025-10-18 04:00:00+00:00,2025-10-14 04:00:00+00:00,PJM RTO,47836,6240,5433,59509
2025-10-17 04:00:00+00:00,2025-10-18 04:00:00+00:00,2025-10-14 04:00:00+00:00,Western,22304,2976,1886,27166
2025-10-17 04:00:00+00:00,2025-10-18 04:00:00+00:00,2025-10-15 04:00:00+00:00,Mid Atlantic - Dominion,25852,3307,3839,32998
2025-10-17 04:00:00+00:00,2025-10-18 04:00:00+00:00,2025-10-15 04:00:00+00:00,PJM RTO,48732,6539,6119,61390
2025-10-17 04:00:00+00:00,2025-10-18 04:00:00+00:00,2025-10-15 04:00:00+00:00,Western,22880,3232,2280,28392
2025-10-17 04:00:00+00:00,2025-10-18 04:00:00+00:00,2025-10-16 04:00:00+00:00,Mid Atlantic - Dominion,25701,3468,3684,32853
2025-10-17 04:00:00+00:00,2025-10-18 04:00:00+00:00,2025-10-16 04:00:00+00:00,PJM RTO,48687,7363,8545,64595
2025-10-17 04:00:00+00:00,2025-10-18 04:00:00+00:00,2025-10-16 04:00:00+00:00,Western,22986,3895,4861,31742
2025-10-17 04:00:00+00:00,2025-10-18 04:00:00+00:00,2025-10-17 04:00:00+00:00,Mid Atlantic - Dominion,25867,3304,4762,33933
2025-10-17 04:00:00+00:00,2025-10-18 04:00:00+00:00,2025-10-17 04:00:00+00:00,PJM RTO,48747,6888,10593,66228
2025-10-17 04:00:00+00:00,2025-10-18 04:00:00+00:00,2025-10-17 04:00:00+00:00,Western,22880,3584,5831,32295
2025-10-18 04:00:00+00:00,2025-10-19 04:00:00+00:00,2025-10-12 04:00:00+00:00,Mid Atlantic - Dominion,24891,3531,2115,30537
2025-10-18 04:00:00+00:00,2025-10-19 04:00:00+00:00,2025-10-12 04:00:00+00:00,PJM RTO,49398,5908,3549,58855
2025-10-18 04:00:00+00:00,2025-10-19 04:00:00+00:00,2025-10-12 04:00:00+00:00,Western,24507,2377,1434,28318
2025-10-18 04:00:00+00:00,2025-10-19 04:00:00+00:00,2025-10-13 04:00:00+00:00,Mid Atlantic - Dominion,24871,3551,2126,30548
2025-10-18 04:00:00+00:00,2025-10-19 04:00:00+00:00,2025-10-13 04:00:00+00:00,PJM RTO,49378,5928,3730,59036
2025-10-18 04:00:00+00:00,2025-10-19 04:00:00+00:00,2025-10-13 04:00:00+00:00,Western,24507,2377,1604,28488
2025-10-18 04:00:00+00:00,2025-10-19 04:00:00+00:00,2025-10-14 04:00:00+00:00,Mid Atlantic - Dominion,24871,3520,2027,30418
2025-10-18 04:00:00+00:00,2025-10-19 04:00:00+00:00,2025-10-14 04:00:00+00:00,PJM RTO,49467,5918,3668,59053
2025-10-18 04:00:00+00:00,2025-10-19 04:00:00+00:00,2025-10-14 04:00:00+00:00,Western,24596,2398,1641,28635
2025-10-18 04:00:00+00:00,2025-10-19 04:00:00+00:00,2025-10-15 04:00:00+00:00,Mid Atlantic - Dominion,26139,2753,2307,31199
2025-10-18 04:00:00+00:00,2025-10-19 04:00:00+00:00,2025-10-15 04:00:00+00:00,PJM RTO,51311,5407,3964,60682
2025-10-18 04:00:00+00:00,2025-10-19 04:00:00+00:00,2025-10-15 04:00:00+00:00,Western,25172,2654,1657,29483
2025-10-18 04:00:00+00:00,2025-10-19 04:00:00+00:00,2025-10-16 04:00:00+00:00,Mid Atlantic - Dominion,25826,3478,2285,31589
2025-10-18 04:00:00+00:00,2025-10-19 04:00:00+00:00,2025-10-16 04:00:00+00:00,PJM RTO,51104,6663,4743,62510
2025-10-18 04:00:00+00:00,2025-10-19 04:00:00+00:00,2025-10-16 04:00:00+00:00,Western,25278,3185,2458,30921
2025-10-18 04:00:00+00:00,2025-10-19 04:00:00+00:00,2025-10-17 04:00:00+00:00,Mid Atlantic - Dominion,25772,3358,2934,32064
2025-10-18 04:00:00+00:00,2025-10-19 04:00:00+00:00,2025-10-17 04:00:00+00:00,PJM RTO,50944,7160,6044,64148
2025-10-18 04:00:00+00:00,2025-10-19 04:00:00+00:00,2025-10-17 04:00:00+00:00,Western,25172,3802,3110,32084
2025-10-18 04:00:00+00:00,2025-10-19 04:00:00+00:00,2025-10-18 04:00:00+00:00,Mid Atlantic - Dominion,24848,2877,4659,32384
2025-10-18 04:00:00+00:00,2025-10-19 04:00:00+00:00,2025-10-18 04:00:00+00:00,PJM RTO,49651,6200,11796,67647
2025-10-18 04:00:00+00:00,2025-10-19 04:00:00+00:00,2025-10-18 04:00:00+00:00,Western,24803,3323,7137,35263
2025-10-19 04:00:00+00:00,2025-10-20 04:00:00+00:00,2025-10-13 04:00:00+00:00,Mid Atlantic - Dominion,24142,3185,2047,29374
2025-10-19 04:00:00+00:00,2025-10-20 04:00:00+00:00,2025-10-13 04:00:00+00:00,PJM RTO,48439,5256,3651,57346
2025-10-19 04:00:00+00:00,2025-10-20 04:00:00+00:00,2025-10-13 04:00:00+00:00,Western,24297,2071,1604,27972
2025-10-19 04:00:00+00:00,2025-10-20 04:00:00+00:00,2025-10-14 04:00:00+00:00,Mid Atlantic - Dominion,24142,3154,1952,29248
2025-10-19 04:00:00+00:00,2025-10-20 04:00:00+00:00,2025-10-14 04:00:00+00:00,PJM RTO,48528,5246,3593,57367
2025-10-19 04:00:00+00:00,2025-10-20 04:00:00+00:00,2025-10-14 04:00:00+00:00,Western,24386,2092,1641,28119
2025-10-19 04:00:00+00:00,2025-10-20 04:00:00+00:00,2025-10-15 04:00:00+00:00,Mid Atlantic - Dominion,24462,2384,2230,29076
2025-10-19 04:00:00+00:00,2025-10-20 04:00:00+00:00,2025-10-15 04:00:00+00:00,PJM RTO,49424,4732,3887,58043
2025-10-19 04:00:00+00:00,2025-10-20 04:00:00+00:00,2025-10-15 04:00:00+00:00,Western,24962,2348,1657,28967
2025-10-19 04:00:00+00:00,2025-10-20 04:00:00+00:00,2025-10-16 04:00:00+00:00,Mid Atlantic - Dominion,24458,2954,2211,29623
2025-10-19 04:00:00+00:00,2025-10-20 04:00:00+00:00,2025-10-16 04:00:00+00:00,PJM RTO,49420,5342,4744,59506
2025-10-19 04:00:00+00:00,2025-10-20 04:00:00+00:00,2025-10-16 04:00:00+00:00,Western,24962,2388,2533,29883
2025-10-19 04:00:00+00:00,2025-10-20 04:00:00+00:00,2025-10-17 04:00:00+00:00,Mid Atlantic - Dominion,24544,3434,2856,30834
2025-10-19 04:00:00+00:00,2025-10-20 04:00:00+00:00,2025-10-17 04:00:00+00:00,PJM RTO,50079,6450,6039,62568
2025-10-19 04:00:00+00:00,2025-10-20 04:00:00+00:00,2025-10-17 04:00:00+00:00,Western,25535,3016,3183,31734
2025-10-19 04:00:00+00:00,2025-10-20 04:00:00+00:00,2025-10-18 04:00:00+00:00,Mid Atlantic - Dominion,23900,3106,4562,31568
2025-10-19 04:00:00+00:00,2025-10-20 04:00:00+00:00,2025-10-18 04:00:00+00:00,PJM RTO,49306,6109,10382,65797
2025-10-19 04:00:00+00:00,2025-10-20 04:00:00+00:00,2025-10-18 04:00:00+00:00,Western,25406,3003,5820,34229
2025-10-19 04:00:00+00:00,2025-10-20 04:00:00+00:00,2025-10-19 04:00:00+00:00,Mid Atlantic - Dominion,23900,3154,4320,31374
2025-10-19 04:00:00+00:00,2025-10-20 04:00:00+00:00,2025-10-19 04:00:00+00:00,PJM RTO,49257,6041,10815,66113
2025-10-19 04:00:00+00:00,2025-10-20 04:00:00+00:00,2025-10-19 04:00:00+00:00,Western,25357,2887,6495,34739
2025-10-20 04:00:00+00:00,2025-10-21 04:00:00+00:00,2025-10-14 04:00:00+00:00,Mid Atlantic - Dominion,25124,3349,1952,30425
2025-10-20 04:00:00+00:00,2025-10-21 04:00:00+00:00,2025-10-14 04:00:00+00:00,PJM RTO,48393,5171,3585,57149
2025-10-20 04:00:00+00:00,2025-10-21 04:00:00+00:00,2025-10-14 04:00:00+00:00,Western,23269,1822,1633,26724
2025-10-20 04:00:00+00:00,2025-10-21 04:00:00+00:00,2025-10-15 04:00:00+00:00,Mid Atlantic - Dominion,25444,2564,2226,30234
2025-10-20 04:00:00+00:00,2025-10-21 04:00:00+00:00,2025-10-15 04:00:00+00:00,PJM RTO,49730,4589,3875,58194
2025-10-20 04:00:00+00:00,2025-10-21 04:00:00+00:00,2025-10-15 04:00:00+00:00,Western,24286,2025,1649,27960
2025-10-20 04:00:00+00:00,2025-10-21 04:00:00+00:00,2025-10-16 04:00:00+00:00,Mid Atlantic - Dominion,25440,3207,2207,30854
2025-10-20 04:00:00+00:00,2025-10-21 04:00:00+00:00,2025-10-16 04:00:00+00:00,PJM RTO,49476,5423,4657,59556
2025-10-20 04:00:00+00:00,2025-10-21 04:00:00+00:00,2025-10-16 04:00:00+00:00,Western,24036,2216,2450,28702
2025-10-20 04:00:00+00:00,2025-10-21 04:00:00+00:00,2025-10-17 04:00:00+00:00,Mid Atlantic - Dominion,25526,3692,2852,32070
2025-10-20 04:00:00+00:00,2025-10-21 04:00:00+00:00,2025-10-17 04:00:00+00:00,PJM RTO,50135,6878,5569,62582
2025-10-20 04:00:00+00:00,2025-10-21 04:00:00+00:00,2025-10-17 04:00:00+00:00,Western,24609,3186,2717,30512
2025-10-20 04:00:00+00:00,2025-10-21 04:00:00+00:00,2025-10-18 04:00:00+00:00,Mid Atlantic - Dominion,24864,3617,4536,33017
2025-10-20 04:00:00+00:00,2025-10-21 04:00:00+00:00,2025-10-18 04:00:00+00:00,PJM RTO,50309,6914,9890,67113
2025-10-20 04:00:00+00:00,2025-10-21 04:00:00+00:00,2025-10-18 04:00:00+00:00,Western,25445,3297,5354,34096
2025-10-20 04:00:00+00:00,2025-10-21 04:00:00+00:00,2025-10-19 04:00:00+00:00,Mid Atlantic - Dominion,24864,3970,4134,32968
2025-10-20 04:00:00+00:00,2025-10-21 04:00:00+00:00,2025-10-19 04:00:00+00:00,PJM RTO,50309,7499,10394,68202
2025-10-20 04:00:00+00:00,2025-10-21 04:00:00+00:00,2025-10-19 04:00:00+00:00,Western,25445,3529,6260,35234
2025-10-20 04:00:00+00:00,2025-10-21 04:00:00+00:00,2025-10-20 04:00:00+00:00,Mid Atlantic - Dominion,24864,3530,4450,32844
2025-10-20 04:00:00+00:00,2025-10-21 04:00:00+00:00,2025-10-20 04:00:00+00:00,PJM RTO,50249,6364,10772,67385
2025-10-20 04:00:00+00:00,2025-10-21 04:00:00+00:00,2025-10-20 04:00:00+00:00,Western,25385,2834,6322,34541
2025-10-21 04:00:00+00:00,2025-10-22 04:00:00+00:00,2025-10-15 04:00:00+00:00,Mid Atlantic - Dominion,25674,2867,2135,30676
2025-10-21 04:00:00+00:00,2025-10-22 04:00:00+00:00,2025-10-15 04:00:00+00:00,PJM RTO,49994,5341,3768,59103
2025-10-21 04:00:00+00:00,2025-10-22 04:00:00+00:00,2025-10-15 04:00:00+00:00,Western,24320,2474,1633,28427
2025-10-21 04:00:00+00:00,2025-10-22 04:00:00+00:00,2025-10-16 04:00:00+00:00,Mid Atlantic - Dominion,25670,3016,2139,30825
2025-10-21 04:00:00+00:00,2025-10-22 04:00:00+00:00,2025-10-16 04:00:00+00:00,PJM RTO,49990,5616,3963,59569
2025-10-21 04:00:00+00:00,2025-10-22 04:00:00+00:00,2025-10-16 04:00:00+00:00,Western,24320,2600,1824,28744
2025-10-21 04:00:00+00:00,2025-10-22 04:00:00+00:00,2025-10-17 04:00:00+00:00,Mid Atlantic - Dominion,25756,3478,2795,32029
2025-10-21 04:00:00+00:00,2025-10-22 04:00:00+00:00,2025-10-17 04:00:00+00:00,PJM RTO,50729,6406,4888,62023
2025-10-21 04:00:00+00:00,2025-10-22 04:00:00+00:00,2025-10-17 04:00:00+00:00,Western,24973,2928,2093,29994
2025-10-21 04:00:00+00:00,2025-10-22 04:00:00+00:00,2025-10-18 04:00:00+00:00,Mid Atlantic - Dominion,25094,3463,3483,32040
2025-10-21 04:00:00+00:00,2025-10-22 04:00:00+00:00,2025-10-18 04:00:00+00:00,PJM RTO,51438,6581,6361,64380
2025-10-21 04:00:00+00:00,2025-10-22 04:00:00+00:00,2025-10-18 04:00:00+00:00,Western,26344,3118,2878,32340
2025-10-21 04:00:00+00:00,2025-10-22 04:00:00+00:00,2025-10-19 04:00:00+00:00,Mid Atlantic - Dominion,25094,3463,3079,31636
2025-10-21 04:00:00+00:00,2025-10-22 04:00:00+00:00,2025-10-19 04:00:00+00:00,PJM RTO,51438,7140,6066,64644
2025-10-21 04:00:00+00:00,2025-10-22 04:00:00+00:00,2025-10-19 04:00:00+00:00,Western,26344,3677,2987,33008
2025-10-21 04:00:00+00:00,2025-10-22 04:00:00+00:00,2025-10-20 04:00:00+00:00,Mid Atlantic - Dominion,25094,4044,3341,32479
2025-10-21 04:00:00+00:00,2025-10-22 04:00:00+00:00,2025-10-20 04:00:00+00:00,PJM RTO,51438,7721,7645,66804
2025-10-21 04:00:00+00:00,2025-10-22 04:00:00+00:00,2025-10-20 04:00:00+00:00,Western,26344,3677,4304,34325
2025-10-21 04:00:00+00:00,2025-10-22 04:00:00+00:00,2025-10-21 04:00:00+00:00,Mid Atlantic - Dominion,25094,4197,4677,33968
2025-10-21 04:00:00+00:00,2025-10-22 04:00:00+00:00,2025-10-21 04:00:00+00:00,PJM RTO,51129,7241,9873,68243
2025-10-21 04:00:00+00:00,2025-10-22 04:00:00+00:00,2025-10-21 04:00:00+00:00,Western,26035,3044,5196,34275
2025-10-22 04:00:00+00:00,2025-10-23 04:00:00+00:00,2025-10-16 04:00:00+00:00,Mid Atlantic - Dominion,25389,2765,1544,29698
2025-10-22 04:00:00+00:00,2025-10-23 04:00:00+00:00,2025-10-16 04:00:00+00:00,PJM RTO,49709,4297,3291,57297
2025-10-22 04:00:00+00:00,2025-10-23 04:00:00+00:00,2025-10-16 04:00:00+00:00,Western,24320,1532,1747,27599
2025-10-22 04:00:00+00:00,2025-10-23 04:00:00+00:00,2025-10-17 04:00:00+00:00,Mid Atlantic - Dominion,25475,3387,2200,31062
2025-10-22 04:00:00+00:00,2025-10-23 04:00:00+00:00,2025-10-17 04:00:00+00:00,PJM RTO,50448,5247,4216,59911
2025-10-22 04:00:00+00:00,2025-10-23 04:00:00+00:00,2025-10-17 04:00:00+00:00,Western,24973,1860,2016,28849
2025-10-22 04:00:00+00:00,2025-10-23 04:00:00+00:00,2025-10-18 04:00:00+00:00,Mid Atlantic - Dominion,25380,3323,2888,31591
2025-10-22 04:00:00+00:00,2025-10-23 04:00:00+00:00,2025-10-18 04:00:00+00:00,PJM RTO,51724,5399,5689,62812
2025-10-22 04:00:00+00:00,2025-10-23 04:00:00+00:00,2025-10-18 04:00:00+00:00,Western,26344,2076,2801,31221
2025-10-22 04:00:00+00:00,2025-10-23 04:00:00+00:00,2025-10-19 04:00:00+00:00,Mid Atlantic - Dominion,25380,3323,2484,31187
2025-10-22 04:00:00+00:00,2025-10-23 04:00:00+00:00,2025-10-19 04:00:00+00:00,PJM RTO,51724,5958,5394,63076
2025-10-22 04:00:00+00:00,2025-10-23 04:00:00+00:00,2025-10-19 04:00:00+00:00,Western,26344,2635,2910,31889
2025-10-22 04:00:00+00:00,2025-10-23 04:00:00+00:00,2025-10-20 04:00:00+00:00,Mid Atlantic - Dominion,25380,3323,2746,31449
2025-10-22 04:00:00+00:00,2025-10-23 04:00:00+00:00,2025-10-20 04:00:00+00:00,PJM RTO,51724,5958,6967,64649
2025-10-22 04:00:00+00:00,2025-10-23 04:00:00+00:00,2025-10-20 04:00:00+00:00,Western,26344,2635,4221,33200
2025-10-22 04:00:00+00:00,2025-10-23 04:00:00+00:00,2025-10-21 04:00:00+00:00,Mid Atlantic - Dominion,25380,3669,3043,32092
2025-10-22 04:00:00+00:00,2025-10-23 04:00:00+00:00,2025-10-21 04:00:00+00:00,PJM RTO,51415,6839,8084,66338
2025-10-22 04:00:00+00:00,2025-10-23 04:00:00+00:00,2025-10-21 04:00:00+00:00,Western,26035,3170,5041,34246
2025-10-22 04:00:00+00:00,2025-10-23 04:00:00+00:00,2025-10-22 04:00:00+00:00,Mid Atlantic - Dominion,24769,3602,4725,33096
2025-10-22 04:00:00+00:00,2025-10-23 04:00:00+00:00,2025-10-22 04:00:00+00:00,PJM RTO,50531,6396,10555,67482
2025-10-22 04:00:00+00:00,2025-10-23 04:00:00+00:00,2025-10-22 04:00:00+00:00,Western,25762,2794,5830,34386
2025-10-23 04:00:00+00:00,2025-10-24 04:00:00+00:00,2025-10-17 04:00:00+00:00,Mid Atlantic - Dominion,23967,2904,1866,28737
2025-10-23 04:00:00+00:00,2025-10-24 04:00:00+00:00,2025-10-17 04:00:00+00:00,PJM RTO,46966,4413,3882,55261
2025-10-23 04:00:00+00:00,2025-10-24 04:00:00+00:00,2025-10-17 04:00:00+00:00,Western,22999,1509,2016,26524
2025-10-23 04:00:00+00:00,2025-10-24 04:00:00+00:00,2025-10-18 04:00:00+00:00,Mid Atlantic - Dominion,23949,2850,1933,28732
2025-10-23 04:00:00+00:00,2025-10-24 04:00:00+00:00,2025-10-18 04:00:00+00:00,PJM RTO,48319,4653,4734,57706
2025-10-23 04:00:00+00:00,2025-10-24 04:00:00+00:00,2025-10-18 04:00:00+00:00,Western,24370,1803,2801,28974
2025-10-23 04:00:00+00:00,2025-10-24 04:00:00+00:00,2025-10-19 04:00:00+00:00,Mid Atlantic - Dominion,23949,2850,1909,28708
2025-10-23 04:00:00+00:00,2025-10-24 04:00:00+00:00,2025-10-19 04:00:00+00:00,PJM RTO,48319,5212,4819,58350
2025-10-23 04:00:00+00:00,2025-10-24 04:00:00+00:00,2025-10-19 04:00:00+00:00,Western,24370,2362,2910,29642
2025-10-23 04:00:00+00:00,2025-10-24 04:00:00+00:00,2025-10-20 04:00:00+00:00,Mid Atlantic - Dominion,23949,3373,2171,29493
2025-10-23 04:00:00+00:00,2025-10-24 04:00:00+00:00,2025-10-20 04:00:00+00:00,PJM RTO,48319,5735,6392,60446
2025-10-23 04:00:00+00:00,2025-10-24 04:00:00+00:00,2025-10-20 04:00:00+00:00,Western,24370,2362,4221,30953
2025-10-23 04:00:00+00:00,2025-10-24 04:00:00+00:00,2025-10-21 04:00:00+00:00,Mid Atlantic - Dominion,23949,3878,2509,30336
2025-10-23 04:00:00+00:00,2025-10-24 04:00:00+00:00,2025-10-21 04:00:00+00:00,PJM RTO,49129,6654,7473,63256
2025-10-23 04:00:00+00:00,2025-10-24 04:00:00+00:00,2025-10-21 04:00:00+00:00,Western,25180,2776,4964,32920
2025-10-23 04:00:00+00:00,2025-10-24 04:00:00+00:00,2025-10-22 04:00:00+00:00,Mid Atlantic - Dominion,25234,4133,2529,31896
2025-10-23 04:00:00+00:00,2025-10-24 04:00:00+00:00,2025-10-22 04:00:00+00:00,PJM RTO,50356,6547,8249,65152
2025-10-23 04:00:00+00:00,2025-10-24 04:00:00+00:00,2025-10-22 04:00:00+00:00,Western,25122,2414,5720,33256
2025-10-23 04:00:00+00:00,2025-10-24 04:00:00+00:00,2025-10-23 04:00:00+00:00,Mid Atlantic - Dominion,24667,3781,4903,33351
2025-10-23 04:00:00+00:00,2025-10-24 04:00:00+00:00,2025-10-23 04:00:00+00:00,PJM RTO,49565,5970,9810,65345
2025-10-23 04:00:00+00:00,2025-10-24 04:00:00+00:00,2025-10-23 04:00:00+00:00,Western,24898,2189,4907,31994
2025-10-24 04:00:00+00:00,2025-10-25 04:00:00+00:00,2025-10-18 04:00:00+00:00,Mid Atlantic - Dominion,25146,2412,1833,29391
2025-10-24 04:00:00+00:00,2025-10-25 04:00:00+00:00,2025-10-18 04:00:00+00:00,PJM RTO,48981,4106,4628,57715
2025-10-24 04:00:00+00:00,2025-10-25 04:00:00+00:00,2025-10-18 04:00:00+00:00,Western,23835,1694,2795,28324
2025-10-24 04:00:00+00:00,2025-10-25 04:00:00+00:00,2025-10-19 04:00:00+00:00,Mid Atlantic - Dominion,25146,2412,1809,29367
2025-10-24 04:00:00+00:00,2025-10-25 04:00:00+00:00,2025-10-19 04:00:00+00:00,PJM RTO,48981,4340,4677,57998
2025-10-24 04:00:00+00:00,2025-10-25 04:00:00+00:00,2025-10-19 04:00:00+00:00,Western,23835,1928,2868,28631
2025-10-24 04:00:00+00:00,2025-10-25 04:00:00+00:00,2025-10-20 04:00:00+00:00,Mid Atlantic - Dominion,25146,2935,2071,30152
2025-10-24 04:00:00+00:00,2025-10-25 04:00:00+00:00,2025-10-20 04:00:00+00:00,PJM RTO,48981,4863,6252,60096
2025-10-24 04:00:00+00:00,2025-10-25 04:00:00+00:00,2025-10-20 04:00:00+00:00,Western,23835,1928,4181,29944
2025-10-24 04:00:00+00:00,2025-10-25 04:00:00+00:00,2025-10-21 04:00:00+00:00,Mid Atlantic - Dominion,25146,3173,2409,30728
2025-10-24 04:00:00+00:00,2025-10-25 04:00:00+00:00,2025-10-21 04:00:00+00:00,PJM RTO,49791,6390,7320,63501
2025-10-24 04:00:00+00:00,2025-10-25 04:00:00+00:00,2025-10-21 04:00:00+00:00,Western,24645,3217,4911,32773
2025-10-24 04:00:00+00:00,2025-10-25 04:00:00+00:00,2025-10-22 04:00:00+00:00,Mid Atlantic - Dominion,26431,3295,2429,32155
2025-10-24 04:00:00+00:00,2025-10-25 04:00:00+00:00,2025-10-22 04:00:00+00:00,PJM RTO,51018,6275,8089,65382
2025-10-24 04:00:00+00:00,2025-10-25 04:00:00+00:00,2025-10-22 04:00:00+00:00,Western,24587,2980,5660,33227
2025-10-24 04:00:00+00:00,2025-10-25 04:00:00+00:00,2025-10-23 04:00:00+00:00,Mid Atlantic - Dominion,26431,3415,2382,32228
2025-10-24 04:00:00+00:00,2025-10-25 04:00:00+00:00,2025-10-23 04:00:00+00:00,PJM RTO,50794,6538,6735,64067
2025-10-24 04:00:00+00:00,2025-10-25 04:00:00+00:00,2025-10-23 04:00:00+00:00,Western,24363,3123,4353,31839
2025-10-24 04:00:00+00:00,2025-10-25 04:00:00+00:00,2025-10-24 04:00:00+00:00,Mid Atlantic - Dominion,25689,3052,4646,33387
2025-10-24 04:00:00+00:00,2025-10-25 04:00:00+00:00,2025-10-24 04:00:00+00:00,PJM RTO,48296,5868,10705,64869
2025-10-24 04:00:00+00:00,2025-10-25 04:00:00+00:00,2025-10-24 04:00:00+00:00,Western,22607,2816,6059,31482
2025-10-25 04:00:00+00:00,2025-10-26 04:00:00+00:00,2025-10-19 04:00:00+00:00,Mid Atlantic - Dominion,26469,2352,1712,30533
2025-10-25 04:00:00+00:00,2025-10-26 04:00:00+00:00,2025-10-19 04:00:00+00:00,PJM RTO,53104,3276,4379,60759
2025-10-25 04:00:00+00:00,2025-10-26 04:00:00+00:00,2025-10-19 04:00:00+00:00,Western,26635,924,2667,30226
2025-10-25 04:00:00+00:00,2025-10-26 04:00:00+00:00,2025-10-20 04:00:00+00:00,Mid Atlantic - Dominion,26469,2875,1918,31262
2025-10-25 04:00:00+00:00,2025-10-26 04:00:00+00:00,2025-10-20 04:00:00+00:00,PJM RTO,53482,3799,5873,63154
2025-10-25 04:00:00+00:00,2025-10-26 04:00:00+00:00,2025-10-20 04:00:00+00:00,Western,27013,924,3955,31892
2025-10-25 04:00:00+00:00,2025-10-26 04:00:00+00:00,2025-10-21 04:00:00+00:00,Mid Atlantic - Dominion,26469,2905,2292,31666
2025-10-25 04:00:00+00:00,2025-10-26 04:00:00+00:00,2025-10-21 04:00:00+00:00,PJM RTO,52513,4885,6762,64160
2025-10-25 04:00:00+00:00,2025-10-26 04:00:00+00:00,2025-10-21 04:00:00+00:00,Western,26044,1980,4470,32494
2025-10-25 04:00:00+00:00,2025-10-26 04:00:00+00:00,2025-10-22 04:00:00+00:00,Mid Atlantic - Dominion,27754,2950,2310,33014
2025-10-25 04:00:00+00:00,2025-10-26 04:00:00+00:00,2025-10-22 04:00:00+00:00,PJM RTO,53740,4940,6429,65109
2025-10-25 04:00:00+00:00,2025-10-26 04:00:00+00:00,2025-10-22 04:00:00+00:00,Western,25986,1990,4119,32095
2025-10-25 04:00:00+00:00,2025-10-26 04:00:00+00:00,2025-10-23 04:00:00+00:00,Mid Atlantic - Dominion,27754,3166,2312,33232
2025-10-25 04:00:00+00:00,2025-10-26 04:00:00+00:00,2025-10-23 04:00:00+00:00,PJM RTO,54683,5213,6367,66263
2025-10-25 04:00:00+00:00,2025-10-26 04:00:00+00:00,2025-10-23 04:00:00+00:00,Western,26929,2047,4055,33031
2025-10-25 04:00:00+00:00,2025-10-26 04:00:00+00:00,2025-10-24 04:00:00+00:00,Mid Atlantic - Dominion,27754,3098,2414,33266
2025-10-25 04:00:00+00:00,2025-10-26 04:00:00+00:00,2025-10-24 04:00:00+00:00,PJM RTO,54567,5159,7759,67485
2025-10-25 04:00:00+00:00,2025-10-26 04:00:00+00:00,2025-10-24 04:00:00+00:00,Western,26813,2061,5345,34219
2025-10-25 04:00:00+00:00,2025-10-26 04:00:00+00:00,2025-10-25 04:00:00+00:00,Mid Atlantic - Dominion,27187,2690,3995,33872
2025-10-25 04:00:00+00:00,2025-10-26 04:00:00+00:00,2025-10-25 04:00:00+00:00,PJM RTO,53856,4880,10582,69318
2025-10-25 04:00:00+00:00,2025-10-26 04:00:00+00:00,2025-10-25 04:00:00+00:00,Western,26669,2190,6587,35446
2025-10-26 04:00:00+00:00,2025-10-27 04:00:00+00:00,2025-10-20 04:00:00+00:00,Mid Atlantic - Dominion,25942,2617,1888,30447
2025-10-26 04:00:00+00:00,2025-10-27 04:00:00+00:00,2025-10-20 04:00:00+00:00,PJM RTO,51910,3157,5841,60908
2025-10-26 04:00:00+00:00,2025-10-27 04:00:00+00:00,2025-10-20 04:00:00+00:00,Western,25968,540,3953,30461
2025-10-26 04:00:00+00:00,2025-10-27 04:00:00+00:00,2025-10-21 04:00:00+00:00,Mid Atlantic - Dominion,25942,2647,2257,30846
2025-10-26 04:00:00+00:00,2025-10-27 04:00:00+00:00,2025-10-21 04:00:00+00:00,PJM RTO,50941,4008,6725,61674
2025-10-26 04:00:00+00:00,2025-10-27 04:00:00+00:00,2025-10-21 04:00:00+00:00,Western,24999,1361,4468,30828
2025-10-26 04:00:00+00:00,2025-10-27 04:00:00+00:00,2025-10-22 04:00:00+00:00,Mid Atlantic - Dominion,28074,2692,2275,33041
2025-10-26 04:00:00+00:00,2025-10-27 04:00:00+00:00,2025-10-22 04:00:00+00:00,PJM RTO,54256,4075,6200,64531
2025-10-26 04:00:00+00:00,2025-10-27 04:00:00+00:00,2025-10-22 04:00:00+00:00,Western,26182,1383,3925,31490
2025-10-26 04:00:00+00:00,2025-10-27 04:00:00+00:00,2025-10-23 04:00:00+00:00,Mid Atlantic - Dominion,28074,2985,2281,33340
2025-10-26 04:00:00+00:00,2025-10-27 04:00:00+00:00,2025-10-23 04:00:00+00:00,PJM RTO,55258,4403,6130,65791
2025-10-26 04:00:00+00:00,2025-10-27 04:00:00+00:00,2025-10-23 04:00:00+00:00,Western,27184,1418,3849,32451
2025-10-26 04:00:00+00:00,2025-10-27 04:00:00+00:00,2025-10-24 04:00:00+00:00,Mid Atlantic - Dominion,28074,2985,2383,33442
2025-10-26 04:00:00+00:00,2025-10-27 04:00:00+00:00,2025-10-24 04:00:00+00:00,PJM RTO,55483,4493,7478,67454
2025-10-26 04:00:00+00:00,2025-10-27 04:00:00+00:00,2025-10-24 04:00:00+00:00,Western,27409,1508,5095,34012
2025-10-26 04:00:00+00:00,2025-10-27 04:00:00+00:00,2025-10-25 04:00:00+00:00,Mid Atlantic - Dominion,27690,2860,3057,33607
2025-10-26 04:00:00+00:00,2025-10-27 04:00:00+00:00,2025-10-25 04:00:00+00:00,PJM RTO,54955,5414,9616,69985
2025-10-26 04:00:00+00:00,2025-10-27 04:00:00+00:00,2025-10-25 04:00:00+00:00,Western,27265,2554,6559,36378
2025-10-26 04:00:00+00:00,2025-10-27 04:00:00+00:00,2025-10-26 04:00:00+00:00,Mid Atlantic - Dominion,27818,2588,3138,33544
2025-10-26 04:00:00+00:00,2025-10-27 04:00:00+00:00,2025-10-26 04:00:00+00:00,PJM RTO,54562,5827,9528,69917
2025-10-26 04:00:00+00:00,2025-10-27 04:00:00+00:00,2025-10-26 04:00:00+00:00,Western,26744,3239,6390,36373
2025-10-27 04:00:00+00:00,2025-10-28 04:00:00+00:00,2025-10-21 04:00:00+00:00,Mid Atlantic - Dominion,25893,2973,1997,30863
2025-10-27 04:00:00+00:00,2025-10-28 04:00:00+00:00,2025-10-21 04:00:00+00:00,PJM RTO,50601,4309,5798,60708
2025-10-27 04:00:00+00:00,2025-10-28 04:00:00+00:00,2025-10-21 04:00:00+00:00,Western,24708,1336,3801,29845
2025-10-27 04:00:00+00:00,2025-10-28 04:00:00+00:00,2025-10-22 04:00:00+00:00,Mid Atlantic - Dominion,26851,3363,2015,32229
2025-10-27 04:00:00+00:00,2025-10-28 04:00:00+00:00,2025-10-22 04:00:00+00:00,PJM RTO,51559,4863,5912,62334
2025-10-27 04:00:00+00:00,2025-10-28 04:00:00+00:00,2025-10-22 04:00:00+00:00,Western,24708,1500,3897,30105
2025-10-27 04:00:00+00:00,2025-10-28 04:00:00+00:00,2025-10-23 04:00:00+00:00,Mid Atlantic - Dominion,26833,3646,2021,32500
2025-10-27 04:00:00+00:00,2025-10-28 04:00:00+00:00,2025-10-23 04:00:00+00:00,PJM RTO,52543,5223,5842,63608
2025-10-27 04:00:00+00:00,2025-10-28 04:00:00+00:00,2025-10-23 04:00:00+00:00,Western,25710,1577,3821,31108
2025-10-27 04:00:00+00:00,2025-10-28 04:00:00+00:00,2025-10-24 04:00:00+00:00,Mid Atlantic - Dominion,26833,3706,2123,32662
2025-10-27 04:00:00+00:00,2025-10-28 04:00:00+00:00,2025-10-24 04:00:00+00:00,PJM RTO,52768,5453,7190,65411
2025-10-27 04:00:00+00:00,2025-10-28 04:00:00+00:00,2025-10-24 04:00:00+00:00,Western,25935,1747,5067,32749
2025-10-27 04:00:00+00:00,2025-10-28 04:00:00+00:00,2025-10-25 04:00:00+00:00,Mid Atlantic - Dominion,27491,3273,2773,33537
2025-10-27 04:00:00+00:00,2025-10-28 04:00:00+00:00,2025-10-25 04:00:00+00:00,PJM RTO,54038,5902,9037,68977
2025-10-27 04:00:00+00:00,2025-10-28 04:00:00+00:00,2025-10-25 04:00:00+00:00,Western,26547,2629,6264,35440
2025-10-27 04:00:00+00:00,2025-10-28 04:00:00+00:00,2025-10-26 04:00:00+00:00,Mid Atlantic - Dominion,27955,3273,2624,33852
2025-10-27 04:00:00+00:00,2025-10-28 04:00:00+00:00,2025-10-26 04:00:00+00:00,PJM RTO,54434,5840,8257,68531
2025-10-27 04:00:00+00:00,2025-10-28 04:00:00+00:00,2025-10-26 04:00:00+00:00,Western,26479,2567,5633,34679
2025-10-27 04:00:00+00:00,2025-10-28 04:00:00+00:00,2025-10-27 04:00:00+00:00,Mid Atlantic - Dominion,27475,3264,3342,34081
2025-10-27 04:00:00+00:00,2025-10-28 04:00:00+00:00,2025-10-27 04:00:00+00:00,PJM RTO,54515,6095,9713,70323
2025-10-27 04:00:00+00:00,2025-10-28 04:00:00+00:00,2025-10-27 04:00:00+00:00,Western,27040,2831,6371,36242
2025-10-28 04:00:00+00:00,2025-10-29 04:00:00+00:00,2025-10-22 04:00:00+00:00,Mid Atlantic - Dominion,26401,2701,1867,30969
2025-10-28 04:00:00+00:00,2025-10-29 04:00:00+00:00,2025-10-22 04:00:00+00:00,PJM RTO,50253,4220,5586,60059
2025-10-28 04:00:00+00:00,2025-10-29 04:00:00+00:00,2025-10-22 04:00:00+00:00,Western,23852,1519,3719,29090
2025-10-28 04:00:00+00:00,2025-10-29 04:00:00+00:00,2025-10-23 04:00:00+00:00,Mid Atlantic - Dominion,26383,3259,1873,31515
2025-10-28 04:00:00+00:00,2025-10-29 04:00:00+00:00,2025-10-23 04:00:00+00:00,PJM RTO,51237,4855,5566,61658
2025-10-28 04:00:00+00:00,2025-10-29 04:00:00+00:00,2025-10-23 04:00:00+00:00,Western,24854,1596,3693,30143
2025-10-28 04:00:00+00:00,2025-10-29 04:00:00+00:00,2025-10-24 04:00:00+00:00,Mid Atlantic - Dominion,26383,3883,1973,32239
2025-10-28 04:00:00+00:00,2025-10-29 04:00:00+00:00,2025-10-24 04:00:00+00:00,PJM RTO,50985,5747,6944,63676
2025-10-28 04:00:00+00:00,2025-10-29 04:00:00+00:00,2025-10-24 04:00:00+00:00,Western,24602,1864,4971,31437
2025-10-28 04:00:00+00:00,2025-10-29 04:00:00+00:00,2025-10-25 04:00:00+00:00,Mid Atlantic - Dominion,27041,3950,2780,33771
2025-10-28 04:00:00+00:00,2025-10-29 04:00:00+00:00,2025-10-25 04:00:00+00:00,PJM RTO,52447,6995,8093,67535
2025-10-28 04:00:00+00:00,2025-10-29 04:00:00+00:00,2025-10-25 04:00:00+00:00,Western,25406,3045,5313,33764
2025-10-28 04:00:00+00:00,2025-10-29 04:00:00+00:00,2025-10-26 04:00:00+00:00,Mid Atlantic - Dominion,27194,3950,2629,33773
2025-10-28 04:00:00+00:00,2025-10-29 04:00:00+00:00,2025-10-26 04:00:00+00:00,PJM RTO,52532,6933,7931,67396
2025-10-28 04:00:00+00:00,2025-10-29 04:00:00+00:00,2025-10-26 04:00:00+00:00,Western,25338,2983,5302,33623
2025-10-28 04:00:00+00:00,2025-10-29 04:00:00+00:00,2025-10-27 04:00:00+00:00,Mid Atlantic - Dominion,26869,3580,2987,33436
2025-10-28 04:00:00+00:00,2025-10-29 04:00:00+00:00,2025-10-27 04:00:00+00:00,PJM RTO,51585,6574,8519,66678
2025-10-28 04:00:00+00:00,2025-10-29 04:00:00+00:00,2025-10-27 04:00:00+00:00,Western,24716,2994,5532,33242
2025-10-28 04:00:00+00:00,2025-10-29 04:00:00+00:00,2025-10-28 04:00:00+00:00,Mid Atlantic - Dominion,26701,3151,3956,33808
2025-10-28 04:00:00+00:00,2025-10-29 04:00:00+00:00,2025-10-28 04:00:00+00:00,PJM RTO,51545,6666,9917,68128
2025-10-28 04:00:00+00:00,2025-10-29 04:00:00+00:00,2025-10-28 04:00:00+00:00,Western,24844,3515,5961,34320
2025-10-29 04:00:00+00:00,2025-10-30 04:00:00+00:00,2025-10-23 04:00:00+00:00,Mid Atlantic - Dominion,26003,2889,1873,30765
2025-10-29 04:00:00+00:00,2025-10-30 04:00:00+00:00,2025-10-23 04:00:00+00:00,PJM RTO,48837,3916,5564,58317
2025-10-29 04:00:00+00:00,2025-10-30 04:00:00+00:00,2025-10-23 04:00:00+00:00,Western,22834,1027,3691,27552
2025-10-29 04:00:00+00:00,2025-10-30 04:00:00+00:00,2025-10-24 04:00:00+00:00,Mid Atlantic - Dominion,26003,3883,1973,31859
2025-10-29 04:00:00+00:00,2025-10-30 04:00:00+00:00,2025-10-24 04:00:00+00:00,PJM RTO,48837,5178,6942,60957
2025-10-29 04:00:00+00:00,2025-10-30 04:00:00+00:00,2025-10-24 04:00:00+00:00,Western,22834,1295,4969,29098
2025-10-29 04:00:00+00:00,2025-10-30 04:00:00+00:00,2025-10-25 04:00:00+00:00,Mid Atlantic - Dominion,25487,3907,2780,32174
2025-10-29 04:00:00+00:00,2025-10-30 04:00:00+00:00,2025-10-25 04:00:00+00:00,PJM RTO,49125,6043,7994,63162
2025-10-29 04:00:00+00:00,2025-10-30 04:00:00+00:00,2025-10-25 04:00:00+00:00,Western,23638,2136,5214,30988
2025-10-29 04:00:00+00:00,2025-10-30 04:00:00+00:00,2025-10-26 04:00:00+00:00,Mid Atlantic - Dominion,25640,3907,2629,32176
2025-10-29 04:00:00+00:00,2025-10-30 04:00:00+00:00,2025-10-26 04:00:00+00:00,PJM RTO,49674,6476,7847,63997
2025-10-29 04:00:00+00:00,2025-10-30 04:00:00+00:00,2025-10-26 04:00:00+00:00,Western,24034,2569,5218,31821
2025-10-29 04:00:00+00:00,2025-10-30 04:00:00+00:00,2025-10-27 04:00:00+00:00,Mid Atlantic - Dominion,26489,3666,2987,33142
2025-10-29 04:00:00+00:00,2025-10-30 04:00:00+00:00,2025-10-27 04:00:00+00:00,PJM RTO,49901,6246,8435,64582
2025-10-29 04:00:00+00:00,2025-10-30 04:00:00+00:00,2025-10-27 04:00:00+00:00,Western,23412,2580,5448,31440
2025-10-29 04:00:00+00:00,2025-10-30 04:00:00+00:00,2025-10-28 04:00:00+00:00,Mid Atlantic - Dominion,26321,3563,2851,32735
2025-10-29 04:00:00+00:00,2025-10-30 04:00:00+00:00,2025-10-28 04:00:00+00:00,PJM RTO,49630,6158,8677,64465
2025-10-29 04:00:00+00:00,2025-10-30 04:00:00+00:00,2025-10-28 04:00:00+00:00,Western,23309,2595,5826,31730
2025-10-29 04:00:00+00:00,2025-10-30 04:00:00+00:00,2025-10-29 04:00:00+00:00,Mid Atlantic - Dominion,26321,3352,4203,33876
2025-10-29 04:00:00+00:00,2025-10-30 04:00:00+00:00,2025-10-29 04:00:00+00:00,PJM RTO,49485,6364,10113,65962
2025-10-29 04:00:00+00:00,2025-10-30 04:00:00+00:00,2025-10-29 04:00:00+00:00,Western,23164,3012,5910,32086
2025-10-30 04:00:00+00:00,2025-10-31 04:00:00+00:00,2025-10-24 04:00:00+00:00,Mid Atlantic - Dominion,25463,3179,1778,30420
2025-10-30 04:00:00+00:00,2025-10-31 04:00:00+00:00,2025-10-24 04:00:00+00:00,PJM RTO,47583,4277,6747,58607
2025-10-30 04:00:00+00:00,2025-10-31 04:00:00+00:00,2025-10-24 04:00:00+00:00,Western,22120,1098,4969,28187
2025-10-30 04:00:00+00:00,2025-10-31 04:00:00+00:00,2025-10-25 04:00:00+00:00,Mid Atlantic - Dominion,25495,4177,2213,31885
2025-10-30 04:00:00+00:00,2025-10-31 04:00:00+00:00,2025-10-25 04:00:00+00:00,PJM RTO,47807,5336,7424,60567
2025-10-30 04:00:00+00:00,2025-10-31 04:00:00+00:00,2025-10-25 04:00:00+00:00,Western,22312,1159,5211,28682
2025-10-30 04:00:00+00:00,2025-10-31 04:00:00+00:00,2025-10-26 04:00:00+00:00,Mid Atlantic - Dominion,25648,4177,2062,31887
2025-10-30 04:00:00+00:00,2025-10-31 04:00:00+00:00,2025-10-26 04:00:00+00:00,PJM RTO,48092,6559,7237,61888
2025-10-30 04:00:00+00:00,2025-10-31 04:00:00+00:00,2025-10-26 04:00:00+00:00,Western,22444,2382,5175,30001
2025-10-30 04:00:00+00:00,2025-10-31 04:00:00+00:00,2025-10-27 04:00:00+00:00,Mid Atlantic - Dominion,27262,4528,2400,34190
2025-10-30 04:00:00+00:00,2025-10-31 04:00:00+00:00,2025-10-27 04:00:00+00:00,PJM RTO,49108,6921,7783,63812
2025-10-30 04:00:00+00:00,2025-10-31 04:00:00+00:00,2025-10-27 04:00:00+00:00,Western,21846,2393,5383,29622
2025-10-30 04:00:00+00:00,2025-10-31 04:00:00+00:00,2025-10-28 04:00:00+00:00,Mid Atlantic - Dominion,27094,4207,2385,33686
2025-10-30 04:00:00+00:00,2025-10-31 04:00:00+00:00,2025-10-28 04:00:00+00:00,PJM RTO,48917,6616,8085,63618
2025-10-30 04:00:00+00:00,2025-10-31 04:00:00+00:00,2025-10-28 04:00:00+00:00,Western,21823,2409,5700,29932
2025-10-30 04:00:00+00:00,2025-10-31 04:00:00+00:00,2025-10-29 04:00:00+00:00,Mid Atlantic - Dominion,26527,3163,2448,32138
2025-10-30 04:00:00+00:00,2025-10-31 04:00:00+00:00,2025-10-29 04:00:00+00:00,PJM RTO,49001,6298,8026,63325
2025-10-30 04:00:00+00:00,2025-10-31 04:00:00+00:00,2025-10-29 04:00:00+00:00,Western,22474,3135,5578,31187
2025-10-30 04:00:00+00:00,2025-10-31 04:00:00+00:00,2025-10-30 04:00:00+00:00,Mid Atlantic - Dominion,26525,3524,4086,34135
2025-10-30 04:00:00+00:00,2025-10-31 04:00:00+00:00,2025-10-30 04:00:00+00:00,PJM RTO,48705,6526,10077,65308
2025-10-30 04:00:00+00:00,2025-10-31 04:00:00+00:00,2025-10-30 04:00:00+00:00,Western,22180,3002,5991,31173
